iso_code,continent,location,last_updated_date,total_cases,new_cases,new_cases_smoothed,total_deaths,new_deaths,new_deaths_smoothed,total_cases_per_million,new_cases_per_million,new_cases_smoothed_per_million,total_deaths_per_million,new_deaths_per_million,new_deaths_smoothed_per_million,reproduction_rate,icu_patients,icu_patients_per_million,hosp_patients,hosp_patients_per_million,weekly_icu_admissions,weekly_icu_admissions_per_million,weekly_hosp_admissions,weekly_hosp_admissions_per_million,total_tests,new_tests,total_tests_per_thousand,new_tests_per_thousand,new_tests_smoothed,new_tests_smoothed_per_thousand,positive_rate,tests_per_case,tests_units,total_vaccinations,people_vaccinated,people_fully_vaccinated,total_boosters,new_vaccinations,new_vaccinations_smoothed,total_vaccinations_per_hundred,people_vaccinated_per_hundred,people_fully_vaccinated_per_hundred,total_boosters_per_hundred,new_vaccinations_smoothed_per_million,new_people_vaccinated_smoothed,new_people_vaccinated_smoothed_per_hundred,stringency_index,population_density,median_age,aged_65_older,aged_70_older,gdp_per_capita,extreme_poverty,cardiovasc_death_rate,diabetes_prevalence,female_smokers,male_smokers,handwashing_facilities,hospital_beds_per_thousand,life_expectancy,human_development_index,population,excess_mortality_cumulative_absolute,excess_mortality_cumulative,excess_mortality,excess_mortality_cumulative_per_million
AFG,Asia,Afghanistan,2023-09-06,225357.0,0.0,19.0,7944.0,0.0,0.0,5479.303,0.0,0.462,193.149,0.0,0.0,,,,,,,,,,,,,,,,,,,21258362.0,17921323.0,17148725.0,2265415.0,,23733.0,51.69,43.57,41.7,5.51,577.0,17199.0,0.042,,54.422,18.6,2.581,1.337,1803.987,,597.029,9.59,,,37.746,0.5,64.83,0.511,41128772.0,,,,
OWID_AFR,,Africa,2023-09-06,13106812.0,0.0,45.0,259008.0,0.0,0.0,9186.567,0.0,0.032,181.539,0.0,0.0,,,,,,,,,,,,,,,,,,,,,,,,,,,,,,,,,,,,,,,,,,,,,,,1426736614.0,,,,
ALB,Europe,Albania,2023-09-06,334090.0,0.0,0.0,3604.0,0.0,0.0,117541.387,0.0,0.0,1267.979,0.0,0.0,,,,,,,,,,,,,,,,,,,,,,,,,,,,,,,,,104.871,38.0,13.188,8.643,11803.431,1.1,304.195,10.08,7.1,51.2,,2.89,78.57,0.795,2842318.0,,,,
DZA,Africa,Algeria,2023-09-06,271852.0,0.0,0.0,6881.0,0.0,0.0,6054.175,0.0,0.0,153.241,0.0,0.0,,,,,,,,,,,,,,,,,,,,,,,,,,,,,,,,,17.348,29.1,6.211,3.857,13913.839,0.5,278.364,6.73,0.7,30.4,83.741,1.9,76.88,0.748,44903228.0,,,,
ASM,Oceania,American Samoa,2023-09-06,8341.0,0.0,0.0,34.0,0.0,0.0,188305.678,0.0,0.0,767.581,0.0,0.0,,,,,,,,,,,,,,,,,,,,,,,,,,,,,,,,,278.205,,,,,,283.75,,,,,,73.74,,44295.0,,,,
AND,Europe,Andorra,2023-09-06,48015.0,0.0,0.0,159.0,0.0,0.0,601367.684,0.0,0.0,1991.408,0.0,0.0,,,,,,,,,,,,,,,,,,,,,,,,,,,,,,,,,163.755,,,,,,109.135,7.97,29.0,37.8,,,83.73,0.868,79843.0,,,,
AGO,Africa,Angola,2023-09-06,105384.0,0.0,0.0,1934.0,0.0,0.0,2961.14,0.0,0.0,54.343,0.0,0.0,,,,,,,,,,,,,,,,,,,,,,,,,,,,,,,,,23.89,16.8,2.405,1.362,5819.495,,276.045,3.94,,,26.664,,61.15,0.581,35588996.0,,,,
AIA,North America,Anguilla,2023-09-06,3904.0,0.0,0.0,12.0,0.0,0.0,245890.282,0.0,0.0,755.81,0.0,0.0,,,,,,,,,,,,,,,,,,,,,,,,,,,,,,,,,,,,,,,,,,,,,81.88,,15877.0,,,,
ATG,North America,Antigua and Barbuda,2023-09-06,9106.0,0.0,0.0,146.0,0.0,0.0,97107.879,0.0,0.0,1556.968,0.0,0.0,,,,,,,,,,,,,,,,,,,,,,,,,,,,,,,,,231.845,32.1,6.933,4.631,21490.943,,191.511,13.17,,,,3.8,77.02,0.778,93772.0,,,,
ARG,South America,Argentina,2023-09-06,10044957.0,0.0,0.0,130472.0,0.0,0.0,220718.205,0.0,0.0,2866.866,0.0,0.0,,,,,,,,,,,,,,,,,,,116102483.0,41505296.0,34894605.0,36873161.0,4890.0,4424.0,255.11,91.2,76.67,81.02,97.0,53.0,0.0,,16.177,31.9,11.198,7.441,18933.907,0.6,191.032,5.5,16.2,27.7,,5.0,76.67,0.845,45510324.0,,,,
ARM,Asia,Armenia,2023-09-06,449357.0,0.0,0.0,8751.0,0.0,0.0,161611.77,0.0,0.0,3147.307,0.0,0.0,,,,,,,,,,,,,,,,,,,,,,,,,,,,,,,,,102.931,35.7,11.232,7.571,8787.58,1.8,341.01,7.11,1.5,52.1,94.043,4.2,75.09,0.776,2780472.0,,,,
ABW,North America,Aruba,2023-09-07,44224.0,0.0,0.0,292.0,0.0,0.0,415408.749,0.0,0.0,2742.84,0.0,0.0,,,,,,,,,,,,,,,,,,,174812.0,90474.0,84338.0,,1.0,0.0,164.21,84.98,79.22,,0.0,0.0,0.0,,584.8,41.2,13.085,7.452,35973.781,,,11.62,,,,,76.29,,106459.0,,,,
OWID_ASI,,Asia,2023-09-07,300437306.0,0.0,303.143,1633358.0,0.0,14.857,63633.322,0.0,0.064,345.949,0.0,0.003,,,,,,,,,,,,,,,,,,,9067946333.0,3684684264.0,3458467354.0,1806312105.0,31504.0,26708.0,192.06,78.04,73.25,38.26,6.0,17981.0,0.0,,,,,,,,,,,,,,,,4721383370.0,,,,
AUS,Oceania,Australia,2023-09-06,11587275.0,0.0,0.0,22781.0,0.0,0.0,442644.058,0.0,0.0,870.254,0.0,0.0,,26.0,0.993,919.0,35.107,,,,,,,,,,,,,,,,,,,,,,,,,,,,3.202,37.9,15.504,10.129,44648.71,0.5,107.791,5.07,13.0,16.5,,3.84,83.44,0.944,26177410.0,,,,
AUT,Europe,Austria,2023-09-06,6081287.0,0.0,0.0,22534.0,0.0,0.0,680262.588,0.0,0.0,2520.69,0.0,0.0,,,,,,,,,,,,,,,,,,,,,,,,,,,,,,,,,106.749,44.4,19.202,13.748,45436.686,0.7,145.183,6.35,28.4,30.9,,7.37,81.54,0.922,8939617.0,,,,
AZE,Asia,Azerbaijan,2023-09-06,832312.0,130.0,34.429,10302.0,0.0,0.286,80353.903,12.551,3.324,994.586,0.0,0.028,,,,,,,,,,,,,,,,,,,,,,,,,,,,,,,,,119.309,32.4,6.018,3.871,15847.419,,559.812,7.11,0.3,42.5,83.241,4.7,73.0,0.756,10358078.0,,,,
BHS,North America,Bahamas,2023-09-06,38084.0,0.0,0.0,844.0,0.0,0.0,92890.297,0.0,0.0,2058.592,0.0,0.0,,,,,,,,,,,,,,,,,,,,,,,,,,,,,,,,,39.497,34.3,8.996,5.2,27717.847,,235.954,13.17,3.1,20.4,,2.9,73.92,0.814,409989.0,,,,
BHR,Asia,Bahrain,2023-09-06,696614.0,0.0,0.0,1536.0,0.0,0.0,473167.024,0.0,0.0,1043.31,0.0,0.0,,,,,,,,,,,,,,,,,,,,,,,,,,,,,,,,,1935.907,32.4,2.372,1.387,43290.705,,151.689,16.52,5.8,37.6,,2.0,77.29,0.852,1472237.0,,,,
BGD,Asia,Bangladesh,2023-09-07,2045408.0,0.0,10.571,29477.0,0.0,0.143,11948.428,0.0,0.062,172.192,0.0,0.001,,,,,,,,,,,,,,,,,,,361651652.0,151502895.0,142176372.0,68553927.0,2232.0,766.0,211.26,88.5,83.05,40.05,4.0,124.0,0.0,,1265.036,27.5,5.098,3.262,3523.984,14.8,298.003,8.38,1.0,44.7,34.808,0.8,72.59,0.632,171186368.0,,,,
BRB,North America,Barbados,2023-09-06,109503.0,0.0,0.0,620.0,0.0,0.0,388796.574,0.0,0.0,2201.345,0.0,0.0,,,,,,,,,,,,,,,,,,,,,,,,,,,,,,,,,664.463,39.8,14.952,9.473,16978.068,,170.05,13.57,1.9,14.5,88.469,5.8,79.19,0.814,281646.0,,,,
BLR,Europe,Belarus,2023-09-06,994037.0,0.0,0.0,7118.0,0.0,0.0,104251.871,0.0,0.0,746.516,0.0,0.0,,,,,,,,,,,,,,,,,,,,,,,,,,,,,,,,,46.858,40.3,14.799,9.788,17167.967,,443.129,5.18,10.5,46.1,,11.0,74.79,0.823,9534956.0,,,,
BEL,Europe,Belgium,2023-09-06,4807469.0,0.0,0.286,34339.0,0.0,0.0,412448.589,0.0,0.025,2946.056,0.0,0.0,,,,,,,,,,,,,,,,,,,29635655.0,9266465.0,9168764.0,11631133.0,16.0,17.0,254.25,79.5,78.66,99.79,1.0,0.0,0.0,,375.564,41.8,18.571,12.849,42658.576,0.2,114.898,4.29,25.1,31.4,,5.64,81.63,0.931,11655923.0,,,,
BLZ,North America,Belize,2023-09-06,70782.0,0.0,0.0,688.0,0.0,0.0,174647.47,0.0,0.0,1697.571,0.0,0.0,,,,,,,,,,,,,,,,,,,,,,,,,,,,,,,,,16.426,25.0,3.853,2.279,7824.362,,176.957,17.11,,,90.083,1.3,74.62,0.716,405285.0,,,,
BEN,Africa,Benin,2023-09-06,28014.0,0.0,0.0,163.0,0.0,0.0,2097.977,0.0,0.0,12.207,0.0,0.0,,,,,,,,,,,,,,,,,,,,,,,,,,,,,,,,,99.11,18.8,3.244,1.942,2064.236,49.6,235.848,0.99,0.6,12.3,11.035,0.5,61.77,0.545,13352864.0,,,,
BMU,North America,Bermuda,2023-09-06,18860.0,0.0,0.0,165.0,0.0,0.0,293737.443,0.0,0.0,2569.813,0.0,0.0,,,,,,,,,,,,,,,,,,,,,,,,,,,,,,,,,1308.82,,,,50669.315,,139.547,13.0,,,,,82.59,,64207.0,,,,
BTN,Asia,Bhutan,2023-09-06,62697.0,0.0,0.0,21.0,0.0,0.0,80128.365,0.0,0.0,26.839,0.0,0.0,,,,,,,,,,,,,,,,,,,,,,,,,,,,,,,,,21.188,28.6,4.885,2.977,8708.597,1.5,217.066,9.75,,,79.807,1.7,71.78,0.654,782457.0,,,,
BOL,South America,Bolivia,2023-09-06,1206420.0,0.0,0.0,22399.0,0.0,0.0,98691.815,0.0,0.0,1832.362,0.0,0.0,,,,,,,,,,,,,,,,,,,,,,,,,,,,,,,,,10.202,25.4,6.704,4.393,6885.829,7.1,204.299,6.89,,,25.383,1.1,71.51,0.718,12224114.0,,,,
BES,North America,Bonaire Sint Eustatius and Saba,2023-09-06,11922.0,0.0,0.0,41.0,0.0,0.0,440706.787,0.0,0.0,1515.6,0.0,0.0,,,,,,,,,,,,,,,,,,,,,,,,,,,,,,,,,,,,,,,,,,,,,77.79,,27052.0,,,,
BIH,Europe,Bosnia and Herzegovina,2023-09-06,403070.0,0.0,0.0,16352.0,0.0,0.0,124653.243,0.0,0.0,5057.012,0.0,0.0,,,,,,,,,,,,,,,,,,,,,,,,,,,,,,,,,68.496,42.5,16.569,10.711,11713.895,0.2,329.635,10.08,30.2,47.7,97.164,3.5,77.4,0.78,3233530.0,,,,
BWA,Africa,Botswana,2023-09-06,330251.0,0.0,0.0,2800.0,0.0,0.0,125556.4,0.0,0.0,1064.517,0.0,0.0,,,,,,,,,,,,,,,,,,,,,,,,,,,,,,,,,4.044,25.8,3.941,2.242,15807.374,,237.372,4.81,5.7,34.4,,1.8,69.59,0.735,2630300.0,,,,
BRA,South America,Brazil,2023-09-06,37717062.0,0.0,0.0,704659.0,0.0,0.0,175172.766,0.0,0.0,3272.712,0.0,0.0,,,,,,,,,,,,,,,,,,,,,,,,,,,,,,,,,25.04,33.5,8.552,5.06,14103.452,3.4,177.961,8.11,10.1,17.9,,2.2,75.88,0.765,215313504.0,,,,
VGB,North America,British Virgin Islands,2023-09-06,7305.0,0.0,0.0,64.0,0.0,0.0,233148.219,0.0,0.0,2042.64,0.0,0.0,,,,,,,,,,,,,,,,,,,,,,,,,,,,,,,,,207.973,,,,,,,13.67,,,,,79.07,,31332.0,,,,
BRN,Asia,Brunei,2023-09-06,310522.0,0.0,0.0,163.0,0.0,0.0,691582.666,0.0,0.0,363.027,0.0,0.0,,,,,,,,,,,,,,,,,,,,,,,,,,,,,,,,,81.347,32.4,4.591,2.382,71809.251,,201.285,12.79,2.0,30.9,,2.7,75.86,0.838,449002.0,,,,
BGR,Europe,Bulgaria,2023-09-07,1299930.0,0.0,0.0,38403.0,0.0,0.0,191674.819,0.0,0.0,5662.527,0.0,0.0,,9.0,1.327,128.0,18.874,,,,,,,,,,,,,,4613647.0,,2077824.0,,19.0,9.0,68.03,,30.64,,1.0,,,,65.18,44.7,20.801,13.272,18563.307,1.5,424.688,5.81,30.1,44.4,,7.454,75.05,0.816,6781955.0,,,,
BFA,Africa,Burkina Faso,2023-09-06,22056.0,0.0,0.0,396.0,0.0,0.0,972.754,0.0,0.0,17.465,0.0,0.0,,,,,,,,,,,,,,,,,,,,,,,,,,,,,,,,,70.151,17.6,2.409,1.358,1703.102,43.7,269.048,2.42,1.6,23.9,11.877,0.4,61.58,0.452,22673764.0,,,,
BDI,Africa,Burundi,2023-09-06,54241.0,0.0,0.0,15.0,0.0,0.0,4208.127,0.0,0.0,1.164,0.0,0.0,,,,,,,,,,,,,,,,,,,,,,,,,,,,,,,,,423.062,17.5,2.562,1.504,702.225,71.7,293.068,6.05,,,6.144,0.8,61.58,0.433,12889583.0,,,,
KHM,Asia,Cambodia,2023-09-06,138940.0,0.0,0.0,3056.0,0.0,0.0,8286.095,0.0,0.0,182.254,0.0,0.0,,,,,,,,,,,,,,,,,,,,,,,,,,,,,,,,,90.672,25.6,4.412,2.385,3645.07,,270.892,4.0,2.0,33.7,66.229,0.8,69.82,0.594,16767851.0,,,,
CMR,Africa,Cameroon,2023-09-06,125090.0,0.0,0.0,1974.0,0.0,0.0,4481.177,0.0,0.0,70.716,0.0,0.0,,,,,,,,,,,,,,,,,,,,,,,,,,,,,,,,,50.885,18.8,3.165,1.919,3364.926,23.8,244.661,7.2,,,2.735,1.3,59.29,0.563,27914542.0,,,,
CAN,North America,Canada,2023-09-06,4697504.0,0.0,0.0,53147.0,0.0,0.0,122158.005,0.0,0.0,1382.081,0.0,0.0,,65.0,1.69,2165.0,56.301,,,,,,,,,,,,,,,,,,,,,,,,,,,,4.037,41.4,16.984,10.797,44017.591,0.5,105.599,7.37,12.0,16.6,,2.5,82.43,0.929,38454328.0,,,,
CPV,Africa,Cape Verde,2023-09-06,64238.0,0.0,0.0,415.0,0.0,0.0,108297.565,0.0,0.0,699.64,0.0,0.0,,,,,,,,,,,,,,,,,,,,,,,,,,,,,,,,,135.58,25.7,4.46,3.437,6222.554,,182.219,2.42,2.1,16.5,,2.1,72.98,0.665,593162.0,,,,
CYM,North America,Cayman Islands,2023-09-06,31472.0,0.0,0.0,37.0,0.0,0.0,457961.061,0.0,0.0,538.401,0.0,0.0,,,,,,,,,,,,,,,,,,,,,,,,,,,,,,,,,256.496,,,,49903.029,,,13.22,,,,,83.92,,68722.0,,,,
CAF,Africa,Central African Republic,2023-09-06,15367.0,0.0,0.0,113.0,0.0,0.0,2754.363,0.0,0.0,20.254,0.0,0.0,,,,,,,,,,,,,,,,,,,,,,,,,,,,,,,,,7.479,18.3,3.655,2.251,661.24,,435.727,6.1,,,16.603,1.0,53.28,0.397,5579148.0,,,,
TCD,Africa,Chad,2023-09-06,7698.0,0.0,0.0,194.0,0.0,0.0,434.343,0.0,0.0,10.946,0.0,0.0,,,,,,,,,,,,,,,,,,,,,,,,,,,,,,,,,11.833,16.7,2.486,1.446,1768.153,38.4,280.995,6.1,,,5.818,,54.24,0.398,17723312.0,,,,
CHL,South America,Chile,2023-09-06,5289055.0,0.0,0.0,61614.0,0.0,0.0,269798.318,0.0,0.0,3142.972,0.0,0.0,,8.0,0.408,,,2.0,0.102,,,,,,,,,,,,,,,,,,,,,,,,,,24.282,35.4,11.087,6.938,22767.037,1.3,127.993,8.46,34.2,41.5,,2.11,80.18,0.851,19603736.0,62986.9,15.1,-10.34,3208.773
CHN,Asia,China,2023-09-06,99306563.0,0.0,0.0,121679.0,0.0,0.0,69645.447,0.0,0.0,85.336,0.0,0.0,,,,,,,,,,,,,,,,,,,,,,,,,,,,,,,,,147.674,38.7,10.641,5.929,15308.712,0.7,261.899,9.74,1.9,48.4,,4.34,76.91,0.761,1425887360.0,,,,
COL,South America,Colombia,2023-09-06,6378000.0,0.0,0.0,142961.0,0.0,0.0,122951.701,0.0,0.0,2755.926,0.0,0.0,,,,,,,,,,,,,,,,,,,,,,,,,,,,,,,,,44.223,32.2,7.646,4.312,13254.949,4.5,124.24,7.44,4.7,13.5,65.386,1.71,77.29,0.767,51874028.0,,,,
COM,Africa,Comoros,2023-09-06,9109.0,0.0,0.0,160.0,0.0,0.0,10885.737,0.0,0.0,191.208,0.0,0.0,,,,,,,,,,,,,,,,,,,,,,,,,,,,,,,,,437.352,20.4,2.963,1.726,1413.89,18.1,261.516,11.88,4.4,23.6,15.574,2.2,64.32,0.554,836783.0,,,,
COG,Africa,Congo,2023-09-06,25196.0,0.0,0.0,389.0,0.0,0.0,4220.132,0.0,0.0,65.154,0.0,0.0,,,,,,,,,,,,,,,,,,,,,,,,,,,,,,,,,15.405,19.0,3.402,2.063,4881.406,37.0,344.094,7.2,1.7,52.3,47.964,,64.57,0.574,5970430.0,,,,
COK,Oceania,Cook Islands,2023-09-06,7152.0,0.0,0.0,2.0,0.0,0.0,419915.453,0.0,0.0,117.426,0.0,0.0,,,,,,,,,,,,,,,,,,,,,,,,,,,,,,,,,,,,,,,,,,,,,76.25,,17032.0,,,,
CRI,North America,Costa Rica,2023-09-06,1238883.0,0.0,0.0,9428.0,0.0,0.0,239128.009,0.0,0.0,1819.784,0.0,0.0,,,,,,,,,,,,,,,,,,,,,,,,,,,,,,,,,96.079,33.6,9.468,5.694,15524.995,1.3,137.973,8.78,6.4,17.4,83.841,1.13,80.28,0.81,5180836.0,,,,
CIV,Africa,Cote d'Ivoire,2023-09-06,88338.0,0.0,0.0,835.0,0.0,0.0,3136.942,0.0,0.0,29.651,0.0,0.0,,,,,,,,,,,,,,,,,,,,,,,,,,,,,,,,,76.399,18.7,2.933,1.582,3601.006,28.2,303.74,2.42,,,19.351,,57.78,0.538,28160548.0,,,,
HRV,Europe,Croatia,2023-09-06,1274434.0,0.0,0.0,18297.0,0.0,0.0,316208.399,0.0,0.0,4539.792,0.0,0.0,,,,,,,,,,,,,,,,,,,5362233.0,2321704.0,2251702.0,,,1.0,133.05,57.61,55.87,,0.0,1.0,0.0,,73.726,44.0,19.724,13.053,22669.797,0.7,253.782,5.59,34.3,39.9,,5.54,78.49,0.851,4030361.0,,,,
CUB,North America,Cuba,2023-09-06,1115064.0,0.0,0.0,8530.0,0.0,0.0,99450.973,0.0,0.0,760.779,0.0,0.0,,,,,,,,,,,,,,,,,,,45615941.0,10768455.0,10031730.0,8772168.0,1023.0,1769.0,406.84,96.04,89.47,78.24,158.0,48.0,0.0,,110.408,43.1,14.738,9.719,,,190.968,8.27,17.1,53.3,85.198,5.2,78.8,0.783,11212198.0,,,,
CUW,North America,Curacao,2023-09-06,45883.0,0.0,0.0,305.0,0.0,0.0,240007.742,0.0,0.0,1595.414,0.0,0.0,,,,,,,,,,,,,,,,,,,,,,,,,,,,,,,,,362.644,41.7,16.367,10.068,,,,11.62,,,,,78.88,,191173.0,,,,
CYP,Europe,Cyprus,2023-09-06,660854.0,0.0,0.0,1364.0,0.0,0.0,737554.506,0.0,0.0,1522.31,0.0,0.0,,,,,,,,,,,,,,,,,,,,,,,,,,,,,,,,,127.657,37.3,13.416,8.563,32415.132,,141.171,9.24,19.6,52.7,,3.4,80.98,0.887,896007.0,,,,
CZE,Europe,Czechia,2023-09-07,4644473.0,0.0,42.0,42820.0,0.0,0.143,442584.089,0.0,4.002,4080.431,0.0,0.014,,1.0,0.095,40.0,3.812,5.0,0.476,44.0,4.193,,,,,,,,,,18626320.0,6976657.0,6893368.0,5167641.0,24.0,21.0,177.5,66.48,65.69,49.24,2.0,0.0,0.0,,137.176,43.3,19.027,11.58,32605.906,,227.485,6.82,30.5,38.3,,6.63,79.38,0.9,10493990.0,,,,
COD,Africa,Democratic Republic of Congo,2023-09-06,97697.0,0.0,0.0,1468.0,0.0,0.0,986.737,0.0,0.0,14.827,0.0,0.0,,,,,,,,,,,,,,,,,,,,,,,,,,,,,,,,,35.879,17.0,3.02,1.745,808.133,77.1,318.949,6.1,,,4.472,,60.68,0.48,99010216.0,,,,
DNK,Europe,Denmark,2023-09-06,3415744.0,0.0,0.0,8790.0,0.0,0.0,580685.754,0.0,0.0,1494.324,0.0,0.0,,,,,,,,,,,,,,,,,,,14973928.0,4752101.0,4716840.0,3621753.0,,4.0,254.56,80.79,80.19,61.57,1.0,0.0,0.0,,136.52,42.3,19.677,12.325,46682.515,0.2,114.767,6.41,19.3,18.8,,2.5,80.9,0.94,5882259.0,4310.801,2.1,-5.08,729.296
DJI,Africa,Djibouti,2023-09-06,15690.0,0.0,0.0,189.0,0.0,0.0,13998.292,0.0,0.0,168.622,0.0,0.0,,,,,,,,,,,,,,,,,,,,,,,,,,,,,,,,,41.285,25.4,4.213,2.38,2705.406,22.5,258.037,6.05,1.7,24.5,,1.4,67.11,0.524,1120851.0,,,,
DMA,North America,Dominica,2023-09-06,15760.0,0.0,0.0,74.0,0.0,0.0,216608.483,0.0,0.0,1017.07,0.0,0.0,,,,,,,,,,,,,,,,,,,,,,,,,,,,,,,,,98.567,,,,9673.367,,227.376,11.62,,,,3.8,75.0,0.742,72758.0,,,,
DOM,North America,Dominican Republic,2023-09-06,667048.0,0.0,0.0,4384.0,0.0,0.0,59404.99,0.0,0.0,390.424,0.0,0.0,,,,,,,,,,,,,,,,,,,16381373.0,7352139.0,6114473.0,2566612.0,,636.0,145.89,65.48,54.45,22.86,57.0,226.0,0.002,,222.873,27.6,6.981,4.419,14600.861,1.6,266.653,8.2,8.5,19.1,55.182,1.6,74.08,0.756,11228821.0,,,,
ECU,South America,Ecuador,2023-09-06,1069114.0,0.0,0.0,36042.0,0.0,0.0,59391.916,0.0,0.0,2002.222,0.0,0.0,,,,,,,,,,,,,,,,,,,,,,,,,,,,,,,,,66.939,28.1,7.104,4.458,10581.936,3.6,140.448,5.55,2.0,12.3,80.635,1.5,77.01,0.759,18001002.0,,,,
EGY,Africa,Egypt,2023-09-06,516023.0,0.0,0.0,24830.0,0.0,0.0,4649.271,0.0,0.0,223.714,0.0,0.0,,,,,,,,,,,,,,,,,,,,,,,,,,,,,,,,,97.999,25.3,5.159,2.891,10550.206,1.3,525.432,17.31,0.2,50.1,89.827,1.6,71.99,0.707,110990096.0,,,,
SLV,North America,El Salvador,2023-09-06,201785.0,0.0,0.0,4230.0,0.0,0.0,31845.405,0.0,0.0,667.572,0.0,0.0,,,,,,,,,,,,,,,,,,,,,,,,,,,,,,,,,307.811,27.6,8.273,5.417,7292.458,2.2,167.295,8.87,2.5,18.8,90.65,1.3,73.32,0.673,6336393.0,,,,
OWID_ENG,Europe,England,2023-09-01,,,,,,,,,,,,,,,,2779.0,49.142,,,2515.0,44.474,,,,,,,,,,,,,,,,,,,,,,,,,,,,,,,,,,,,,,56550000.0,,,,
GNQ,Africa,Equatorial Guinea,2023-09-06,17130.0,0.0,0.0,183.0,0.0,0.0,10227.379,0.0,0.0,109.259,0.0,0.0,,,,,,,,,,,,,,,,,,,,,,,,,,,,,,,,,45.194,22.4,2.846,1.752,22604.873,,202.812,7.78,,,24.64,2.1,58.74,0.592,1674916.0,,,,
ERI,Africa,Eritrea,2023-09-06,10189.0,0.0,0.0,103.0,0.0,0.0,2765.713,0.0,0.0,27.958,0.0,0.0,,,,,,,,,,,,,,,,,,,,,,,,,,,,,,,,,44.304,19.3,3.607,2.171,1510.459,,311.11,6.05,0.2,11.4,,0.7,66.32,0.459,3684041.0,,,,
EST,Europe,Estonia,2023-09-06,601851.0,0.0,0.0,2901.0,0.0,0.0,453862.709,0.0,0.0,2187.677,0.0,0.0,,0.0,0.0,,,0.0,0.0,6.0,4.505,,,,,,,,,,2113078.0,869403.0,861754.0,601712.0,23.0,34.0,159.35,65.56,64.99,45.38,26.0,1.0,0.0,,31.033,42.7,19.452,13.491,29481.252,0.5,255.569,4.02,24.5,39.3,,4.69,78.74,0.892,1326064.0,4282.1,7.42,-3.02,3237.236
SWZ,Africa,Eswatini,2023-09-06,74882.0,0.0,0.0,1427.0,0.0,0.0,62314.426,0.0,0.0,1187.504,0.0,0.0,,,,,,,,,,,,,,,,,,,,,,,,,,,,,,,,,79.492,21.5,3.163,1.845,7738.975,,333.436,3.94,1.7,16.5,24.097,2.1,60.19,0.611,1201680.0,,,,
ETH,Africa,Ethiopia,2023-09-06,501032.0,0.0,0.0,7574.0,0.0,0.0,4060.887,0.0,0.0,61.388,0.0,0.0,,,,,,,,,,,,,,,,,,,,,,,,,,,,,,,,,104.957,19.8,3.526,2.063,1729.927,26.7,182.634,7.47,0.4,8.5,7.96,0.3,66.6,0.485,123379928.0,,,,
OWID_EUR,,Europe,2023-09-07,249217366.0,0.0,1940.857,2076204.0,0.0,7.0,334606.277,0.0,2.606,2787.57,0.0,0.009,,,,,,,,,,,,,,,,,,,1388907361.0,522878200.0,493115655.0,359190239.0,925.0,928.0,186.48,70.2,66.21,48.23,1.0,24.0,0.0,,,,,,,,,,,,,,,,744807803.0,,,,
OWID_EUN,,European Union,2023-09-07,183832172.0,0.0,1188.429,1243539.0,0.0,4.714,408382.721,0.0,2.64,2762.519,0.0,0.01,,,,,,,,,,,,,,,,,,,945953118.0,338036031.0,327980954.0,279508562.0,925.0,928.0,210.14,75.09,72.86,62.09,2.0,24.0,0.0,,,,,,,,,,,,,,,,450146793.0,,,,
FRO,Europe,Faeroe Islands,2023-09-06,34658.0,0.0,0.0,28.0,0.0,0.0,652484.139,0.0,0.0,527.138,0.0,0.0,,,,,,,,,,,,,,,,,,,,,,,,,,,,,,,,,35.308,,,,,,,,,,,,80.67,,53117.0,,,,
FLK,South America,Falkland Islands,2023-09-06,1923.0,0.0,0.0,,0.0,0.0,505919.495,0.0,0.0,,0.0,0.0,,,,,,,,,,,,,,,,,,,,,,,,,,,,,,,,,,,,,,,,,,,,,81.44,,3801.0,,,,
FJI,Oceania,Fiji,2023-09-06,69047.0,0.0,0.0,885.0,0.0,0.0,74262.532,0.0,0.0,951.849,0.0,0.0,,,,,,,,,,,,,,,,,,,,,,,,,,,,,,,,,49.562,28.6,6.224,3.284,8702.975,1.4,412.82,14.49,10.2,34.8,,2.3,67.44,0.743,929769.0,,,,
FIN,Europe,Finland,2023-09-06,1484331.0,279.0,39.857,10171.0,0.0,1.0,267893.758,50.354,7.193,1835.674,0.0,0.18,,,,,,,,,,,,,,,,,,,,,,,,,,,,,,,,,18.136,42.8,21.228,13.264,40585.721,,153.507,5.76,18.3,22.6,,3.28,81.91,0.938,5540745.0,,,,
FRA,Europe,France,2023-09-06,38997490.0,0.0,0.0,167985.0,0.0,0.0,603427.621,0.0,0.0,2599.316,0.0,0.0,,,,,,,,,,,,,,,,,,,,,,,,,,,,,,,,,122.578,42.0,19.718,13.079,38605.671,,86.06,4.77,30.1,35.6,,5.98,82.66,0.901,67813000.0,,,,
GUF,South America,French Guiana,2023-09-06,98041.0,0.0,0.0,413.0,0.0,0.0,321901.841,0.0,0.0,1356.019,0.0,0.0,,,,,,,,,,,,,,,,,,,,,,,,,,,,,,,,,,25.3,,2.897,,,,,,,,,79.95,,304568.0,,,,
PYF,Oceania,French Polynesia,2023-09-06,78623.0,0.0,0.0,649.0,0.0,0.0,256692.96,0.0,0.0,2118.893,0.0,0.0,,,,,,,,,,,,,,,,,,,,,,,,,,,,,,,,,77.324,32.7,7.775,4.593,,,,22.63,,,,,77.66,,306292.0,,,,
GAB,Africa,Gabon,2023-09-06,48992.0,0.0,0.0,307.0,0.0,0.0,20507.351,0.0,0.0,128.506,0.0,0.0,,,,,,,,,,,,,,,,,,,,,,,,,,,,,,,,,7.859,23.1,4.45,2.976,16562.413,3.4,259.967,7.2,,,,6.3,66.47,0.703,2388997.0,,,,
GMB,Africa,Gambia,2023-09-06,12626.0,0.0,0.0,372.0,0.0,0.0,4665.936,0.0,0.0,137.473,0.0,0.0,,,,,,,,,,,,,,,,,,,,,,,,,,,,,,,,,207.566,17.5,2.339,1.417,1561.767,10.1,331.43,1.91,0.7,31.2,7.876,1.1,62.05,0.496,2705995.0,,,,
GEO,Asia,Georgia,2023-09-06,1855289.0,0.0,0.0,17132.0,0.0,0.0,495485.64,0.0,0.0,4575.384,0.0,0.0,,,,,,,,,,,,,,,,,,,,,,,,,,,,,,,,,65.032,38.7,14.864,10.244,9745.079,4.2,496.218,7.11,5.3,55.5,,2.6,73.77,0.812,3744385.0,,,,
DEU,Europe,Germany,2023-09-06,38437756.0,0.0,0.0,174979.0,0.0,0.0,461051.095,0.0,0.0,2098.829,0.0,0.0,,,,,,,,,,,,,,,,,,,,,,,,,,,,,,,,,237.016,46.6,21.453,15.957,45229.245,,156.139,8.31,28.2,33.1,,8.0,81.33,0.947,83369840.0,,,,
GHA,Africa,Ghana,2023-09-06,171653.0,0.0,0.0,1462.0,0.0,0.0,5127.664,0.0,0.0,43.673,0.0,0.0,,,,,,,,,,,,,,,,,,,,,,,,,,,,,,,,,126.719,21.1,3.385,1.948,4227.63,12.0,298.245,4.97,0.3,7.7,41.047,0.9,64.07,0.611,33475870.0,,,,
GIB,Europe,Gibraltar,2023-09-06,20550.0,0.0,0.0,113.0,0.0,0.0,628882.7,0.0,0.0,3458.09,0.0,0.0,,,,,,,,,,,,,,,,,,,,,,,,,,,,,,,,,3457.1,,,,,,,,,,,,79.93,,32677.0,,,,
GRC,Europe,Greece,2023-09-06,5370810.0,0.0,0.0,37413.0,0.0,0.0,517171.351,0.0,0.0,3602.61,0.0,0.0,,,,,,19.0,1.816,625.0,60.135,,,,,,,,,,22127272.0,7936070.0,7646401.0,7123882.0,22.0,26.0,213.07,76.42,73.63,68.6,3.0,5.0,0.0,,83.479,45.3,20.396,14.524,24574.382,1.5,175.695,4.55,35.3,52.0,,4.21,82.24,0.888,10384972.0,,,,
GRL,North America,Greenland,2023-09-06,11971.0,0.0,0.0,21.0,0.0,0.0,211898.609,0.0,0.0,371.721,0.0,0.0,,,,,,,,,,,,,,,,,,,,,,,,,,,,,,,,,0.137,,,,,,199.941,2.16,,,,,71.7,,56494.0,,,,
GRD,North America,Grenada,2023-09-06,19693.0,0.0,0.0,238.0,0.0,0.0,156967.615,0.0,0.0,1897.034,0.0,0.0,,,,,,,,,,,,,,,,,,,,,,,,,,,,,,,,,317.132,29.4,7.304,5.021,13593.877,,243.964,10.71,,,,3.7,72.4,0.779,125459.0,,,,
GLP,North America,Guadeloupe,2023-09-06,203235.0,0.0,0.0,1021.0,0.0,0.0,513528.333,0.0,0.0,2579.833,0.0,0.0,,,,,,,,,,,,,,,,,,,,,,,,,,,,,,,,,,43.4,,,,,,,,,,,82.14,,395762.0,,,,
GUM,Oceania,Guam,2023-09-06,51917.0,0.0,0.0,416.0,0.0,0.0,302224.318,0.0,0.0,2421.66,0.0,0.0,,,,,,,,,,,,,,,,,,,,,,,,,,,,,,,,,304.128,31.4,9.551,5.493,,,310.496,21.52,,,,,80.07,,171783.0,,,,
GTM,North America,Guatemala,2023-09-06,1271061.0,0.0,0.0,20235.0,0.0,0.0,71232.186,0.0,0.0,1134.0,0.0,0.0,,,,,,,,,,,,,,,,,,,,,,,,,,,,,,,,,157.834,22.9,4.694,3.016,7423.808,8.7,155.898,10.18,,,76.665,0.6,74.3,0.663,17843914.0,,,,
GGY,Europe,Guernsey,2023-09-06,35326.0,0.0,0.0,67.0,0.0,0.0,557817.114,0.0,0.0,1057.967,0.0,0.0,,,,,,,,,,,,,,,,,,,,,,,,,,,,,,,,,,,,,,,,,,,,,,,63329.0,,,,
GIN,Africa,Guinea,2023-09-06,38563.0,0.0,0.0,468.0,0.0,0.0,2782.454,0.0,0.0,33.768,0.0,0.0,,,,,,,,,,,,,,,,,,,,,,,,,,,,,,,,,51.755,19.0,3.135,1.733,1998.926,35.3,336.717,2.42,,,17.45,0.3,61.6,0.477,13859349.0,,,,
GNB,Africa,Guinea-Bissau,2023-09-06,9614.0,0.0,0.0,177.0,0.0,0.0,4565.963,0.0,0.0,84.062,0.0,0.0,,,,,,,,,,,,,,,,,,,,,,,,,,,,,,,,,66.191,19.4,3.002,1.565,1548.675,67.1,382.474,2.42,,,6.403,,58.32,0.48,2105580.0,,,,
GUY,South America,Guyana,2023-09-06,73385.0,0.0,0.0,1299.0,0.0,0.0,90741.375,0.0,0.0,1606.228,0.0,0.0,,,,,,,,,,,,,,,,,,,,,,,,,,,,,,,,,3.952,26.3,5.305,2.837,7435.047,,373.159,11.62,,,77.159,1.6,69.91,0.682,808727.0,,,,
HTI,North America,Haiti,2023-09-06,34301.0,0.0,0.0,860.0,0.0,0.0,2960.811,0.0,0.0,74.234,0.0,0.0,,,,,,,,,,,,,,,,,,,,,,,,,,,,,,,,,398.448,24.3,4.8,2.954,1653.173,23.5,430.548,6.65,2.9,23.1,22.863,0.7,64.0,0.51,11585003.0,,,,
OWID_HIC,,High income,2023-09-07,425238763.0,0.0,1272.286,2900248.0,0.0,4.857,340051.018,0.0,1.017,2319.244,0.0,0.004,,,,,,,,,,,,,,,,,,,2819990489.0,998680371.0,929162483.0,830292798.0,1436.0,1468.0,225.51,79.86,74.3,66.4,1.0,75.0,0.0,,,,,,,,,,,,,,,,1250514600.0,,,,
HND,North America,Honduras,2023-09-06,474566.0,0.0,0.0,11127.0,0.0,0.0,45487.631,0.0,0.0,1066.534,0.0,0.0,,,,,,,,,,,,,,,,,,,,,,,,,,,,,,,,,82.805,24.9,4.652,2.883,4541.795,16.0,240.208,7.21,2.0,,84.169,0.7,75.27,0.634,10432858.0,,,,
HKG,Asia,Hong Kong,2023-08-31,,,,,,,,,,,,,,,,,,,,,,,,,,,,,,,20847194.0,6917355.0,6801365.0,7128474.0,419.0,269.0,278.38,92.37,90.82,95.19,36.0,9.0,0.0,,7039.714,44.8,16.303,10.158,56054.92,,,8.33,,,,,84.86,0.949,7488863.0,,,,
HUN,Europe,Hungary,2023-09-06,2203761.0,0.0,0.0,48803.0,0.0,0.0,221099.005,0.0,0.0,4896.309,0.0,0.0,,,,,,,,,,,,,,,,,,,,,,,,,,,,,,,,,108.043,43.4,18.577,11.976,26777.561,0.5,278.296,7.55,26.8,34.8,,7.02,76.88,0.854,9967304.0,,,,
ISL,Europe,Iceland,2023-09-06,208957.0,0.0,0.0,186.0,0.0,0.0,560352.156,0.0,0.0,498.789,0.0,0.0,,,,,,,,,,,,,,,,,,,,,,,,,,,,,,,,,3.404,37.3,14.431,9.207,46482.958,0.2,117.992,5.31,14.3,15.2,,2.91,82.99,0.949,372903.0,,,,
IND,Asia,India,2023-09-07,44997326.0,0.0,29.857,532023.0,93.0,13.571,31751.467,0.0,0.021,375.411,0.066,0.01,,,,,,,,,,,,,,,,,,,2206741122.0,1027417071.0,951984673.0,227339378.0,136.0,131.0,155.71,72.5,67.17,16.04,0.0,39.0,0.0,,450.419,28.2,5.989,3.414,6426.674,21.2,282.28,10.39,1.9,20.6,59.55,0.53,69.66,0.645,1417173120.0,,,,
IDN,Asia,Indonesia,2023-09-06,6813287.0,0.0,0.0,161918.0,0.0,0.0,24730.504,0.0,0.0,587.721,0.0,0.0,,,,,,,,,,,,,,,,,,,,,,,,,,,,,,,,,145.725,29.3,5.319,3.053,11188.744,5.7,342.864,6.32,2.8,76.1,64.204,1.04,71.72,0.718,275501344.0,,,,
IRN,Asia,Iran,2023-09-06,7613757.0,0.0,0.0,146329.0,0.0,0.0,85982.023,0.0,0.0,1652.491,0.0,0.0,,,,,,,,,,,,,,,,,,,,,,,,,,,,,,,,,49.831,32.4,5.44,3.182,19082.62,0.2,270.308,9.59,0.8,21.1,,1.5,76.68,0.783,88550568.0,,,,
IRQ,Asia,Iraq,2023-09-06,2465545.0,0.0,0.0,25375.0,0.0,0.0,55410.332,0.0,0.0,570.274,0.0,0.0,,,,,,,,,,,,,,,,,,,,,,,,,,,,,,,,,88.125,20.0,3.186,1.957,15663.986,2.5,218.612,8.83,,,94.576,1.4,70.6,0.674,44496124.0,,,,
IRL,Europe,Ireland,2023-09-06,1718293.0,0.0,0.0,9180.0,0.0,0.0,342077.654,0.0,0.0,1827.554,0.0,0.0,,8.0,1.593,376.0,74.854,4.0,0.791,246.0,49.012,,,,,,,,,,11125603.0,4108868.0,4063175.0,3194825.0,10.0,12.0,221.49,81.8,80.89,63.6,2.0,5.0,0.0,,69.874,38.7,13.928,8.678,67335.293,0.2,126.459,3.28,23.0,25.7,,2.96,82.3,0.955,5023108.0,,,,
IMN,Europe,Isle of Man,2023-09-06,38008.0,0.0,0.0,116.0,0.0,0.0,449617.905,0.0,0.0,1372.229,0.0,0.0,,,,,,,,,,,,,,,,,,,,,,,,,,,,,,,,,147.872,,,,,,,,,,,,81.4,,84534.0,,,,
ISR,Asia,Israel,2023-09-06,4834948.0,0.0,72.429,12645.0,0.0,0.143,511688.856,0.0,7.665,1338.237,0.0,0.015,,,,,,,,,,,,,,,,,,,,,,,,,,,,,,,,,402.606,30.6,11.733,7.359,33132.32,0.5,93.32,6.74,15.4,35.4,,2.99,82.97,0.919,9449000.0,,,,
ITA,Europe,Italy,2023-09-06,25955703.0,2703.0,2123.286,191276.0,10.0,9.286,439647.941,45.784,35.965,3239.908,0.169,0.157,,49.0,0.83,1921.0,32.539,55.0,0.932,674.0,11.416,,,,,,,,,,144590687.0,50920629.0,47954802.0,47749926.0,18.0,32.0,244.91,86.25,81.23,80.88,1.0,5.0,0.0,,205.859,47.9,23.021,16.24,35220.084,2.0,113.151,4.78,19.8,27.8,,3.18,83.51,0.892,59037472.0,,,,
JAM,North America,Jamaica,2023-09-06,155860.0,0.0,0.0,3596.0,0.0,0.0,55125.201,0.0,0.0,1271.848,0.0,0.0,,,,,,,,,,,,,,,,,,,1528168.0,859614.0,759963.0,46061.0,,15.0,54.05,30.4,26.88,1.63,5.0,9.0,0.0,,266.879,31.4,9.684,6.39,8193.571,,206.537,11.28,5.3,28.6,66.425,1.7,74.47,0.734,2827382.0,,,,
JPN,Asia,Japan,2023-09-06,33803572.0,0.0,0.0,74694.0,0.0,0.0,272715.688,0.0,0.0,602.606,0.0,0.0,,413.0,3.332,23673.0,190.986,,,,,,,,,,,,,,,,,,,,,,,,,,,,347.778,48.2,27.049,18.493,39002.223,,79.37,5.72,11.2,33.7,,13.05,84.63,0.919,123951696.0,,,,
JEY,Europe,Jersey,2023-09-06,66391.0,0.0,0.0,161.0,0.0,0.0,599218.383,0.0,0.0,1453.121,0.0,0.0,,,,,,,,,,,,,,,,,,,,,,,,,,,,,,,,,,,,,,,,,,,,,,,110796.0,,,,
JOR,Asia,Jordan,2023-09-06,1746997.0,0.0,0.0,14122.0,0.0,0.0,154794.998,0.0,0.0,1251.299,0.0,0.0,,,,,,,,,,,,,,,,,,,,,,,,,,,,,,,,,109.285,23.2,3.81,2.361,8337.49,0.1,208.257,11.75,,,,1.4,74.53,0.729,11285875.0,,,,
KAZ,Asia,Kazakhstan,2023-09-06,1502857.0,0.0,0.0,19072.0,0.0,0.0,77474.851,0.0,0.0,983.194,0.0,0.0,,,,,,,,,,,,,,,,,,,,,,,,,,,,,,,,,6.681,30.6,6.991,4.625,24055.588,0.1,466.792,7.11,7.0,43.1,98.999,6.7,73.6,0.825,19397998.0,,,,
KEN,Africa,Kenya,2023-09-06,343955.0,0.0,0.0,5689.0,0.0,0.0,6366.297,0.0,0.0,105.298,0.0,0.0,,,,,,,,,,,,,,,,,,,,,,,,,,,,,,,,,87.324,20.0,2.686,1.528,2993.028,36.8,218.637,2.92,1.2,20.4,24.651,1.4,66.7,0.601,54027484.0,,,,
KIR,Oceania,Kiribati,2023-09-06,5085.0,0.0,0.0,24.0,0.0,0.0,38746.695,0.0,0.0,182.875,0.0,0.0,,,,,,,,,,,,,,,,,,,,,,,,,,,,,,,,,143.701,23.2,3.895,2.21,1981.132,,434.657,22.66,35.9,58.9,,1.9,68.37,0.63,131237.0,,,,
OWID_KOS,Europe,Kosovo,2023-09-06,273969.0,0.0,0.0,3209.0,0.0,0.0,153732.503,0.0,0.0,1800.669,0.0,0.0,,,,,,,,,,,,,,,,,,,,,,,,,,,,,,,,,168.155,,,,9795.834,0.6,,,,,,,,,1782115.0,,,,
KWT,Asia,Kuwait,2023-09-06,666153.0,0.0,4.286,2570.0,0.0,0.0,156048.44,0.0,1.004,602.031,0.0,0.0,,,,,,,,,,,,,,,,,,,8260972.0,3457388.0,3346057.0,1457527.0,,7.0,193.52,80.99,78.38,34.14,2.0,3.0,0.0,,232.128,33.7,2.345,1.114,65530.537,,132.235,15.84,2.7,37.0,,2.0,75.49,0.806,4268886.0,,,,
KGZ,Asia,Kyrgyzstan,2023-09-07,87949.0,0.0,0.0,1024.0,0.0,0.0,13264.067,0.0,0.0,154.435,0.0,0.0,,,,,,,,,,,,,,,,,,,3658438.0,1735363.0,1405733.0,,3380.0,2282.0,55.17,26.17,21.2,,344.0,878.0,0.013,,32.333,26.3,4.489,2.882,3393.474,1.4,436.362,7.11,3.6,50.5,89.22,4.5,71.45,0.697,6630621.0,,,,
LAO,Asia,Laos,2023-09-06,218816.0,0.0,1.286,671.0,0.0,0.0,29061.248,0.0,0.171,89.116,0.0,0.0,,,,,,,,,,,,,,,,,,,,,,,,,,,,,,,,,29.715,24.4,4.029,2.322,6397.36,22.7,368.111,4.0,7.3,51.2,49.839,1.5,67.92,0.613,7529477.0,,,,
LVA,Europe,Latvia,2023-09-06,975910.0,0.0,0.0,7378.0,0.0,0.0,527332.5,0.0,0.0,3986.699,0.0,0.0,,0.0,0.0,,,1.0,0.533,22.0,11.729,,,,,,,,,,,,,,,,,,,,,,,,31.212,43.9,19.754,14.136,25063.846,0.7,350.06,4.91,25.6,51.0,,5.57,75.29,0.866,1850654.0,,,,
LBN,Asia,Lebanon,2023-09-06,1239904.0,0.0,0.0,10947.0,0.0,0.0,225858.255,0.0,0.0,1994.082,0.0,0.0,,,,,,,,,,,,,,,,,,,,,,,,,,,,,,,,,594.561,31.1,8.514,5.43,13367.565,,266.591,12.71,26.9,40.7,,2.9,78.93,0.744,5489744.0,,,,
LSO,Africa,Lesotho,2023-09-06,34490.0,0.0,0.0,706.0,0.0,0.0,14957.764,0.0,0.0,306.181,0.0,0.0,,,,,,,,,,,,,,,,,,,,,,,,,,,,,,,,,73.562,22.2,4.506,2.647,2851.153,59.6,405.126,3.94,0.4,53.9,2.117,,54.33,0.527,2305826.0,,,,
LBR,Africa,Liberia,2023-09-06,8090.0,0.0,0.0,294.0,0.0,0.0,1525.641,0.0,0.0,55.444,0.0,0.0,,,,,,,,,,,,,,,,,,,,,,,,,,,,,,,,,49.127,19.2,3.057,1.756,752.788,38.6,272.509,2.42,1.5,18.1,1.188,0.8,64.1,0.48,5302690.0,,,,
LBY,Africa,Libya,2023-09-06,507269.0,0.0,0.0,6437.0,0.0,0.0,74463.21,0.0,0.0,944.902,0.0,0.0,,,,,,,,,,,,,,,,,,,,,,,,,,,,,,,,,3.623,29.0,4.424,2.816,17881.509,,341.862,10.43,,,,3.7,72.91,0.724,6812344.0,,,,
LIE,Europe,Liechtenstein,2023-09-06,21477.0,0.0,0.0,87.0,0.0,0.0,545724.813,0.0,0.0,2210.647,0.0,0.0,,,,,,,,,,,,,,,,,,,,,,,,,,,,,,,,,237.012,,,,,,,7.77,,,,2.397,82.49,0.919,39355.0,,,,
LTU,Europe,Lithuania,2023-09-07,1323388.0,0.0,38.429,9701.0,0.0,0.429,481221.851,0.0,13.974,3527.562,0.0,0.156,,,,,,2.0,0.713,,,,,,,,,,,,4546215.0,1957182.0,1880556.0,944397.0,4.0,2.0,165.31,71.17,68.38,34.34,1.0,0.0,0.0,,45.135,43.5,19.002,13.778,29524.265,0.7,342.989,3.67,21.3,38.0,,6.56,75.93,0.882,2750058.0,,,,
OWID_LIC,,Low income,2023-09-06,2316489.0,0.0,19.0,47981.0,0.0,0.0,3140.555,0.0,0.026,65.05,0.0,0.0,,,,,,,,,,,,,,,,,,,329263218.0,240309801.0,203558158.0,29519104.0,27650.0,23733.0,44.64,32.58,27.6,4.0,32.0,17199.0,0.002,,,,,,,,,,,,,,,,737604900.0,,,,
OWID_LMC,,Lower middle income,2023-09-07,97395327.0,0.0,207.143,1338929.0,0.0,13.571,28377.787,0.0,0.06,390.12,0.0,0.004,,,,,,,,,,,,,,,,,,,4931338480.0,2275462603.0,2047547081.0,669926889.0,3210.0,2346.0,143.68,66.3,59.66,19.52,1.0,720.0,0.0,,,,,,,,,,,,,,,,3432097300.0,,,,
LUX,Europe,Luxembourg,2023-09-06,383398.0,0.0,0.0,1000.0,0.0,0.0,592028.116,0.0,0.0,1544.161,0.0,0.0,,,,,,,,,,,,,,,,,,,,,,,,,,,,,,,,,231.447,39.7,14.312,9.842,94277.965,0.2,128.275,4.42,20.9,26.0,,4.51,82.25,0.916,647601.0,,,,
MDG,Africa,Madagascar,2023-09-06,68319.0,0.0,0.0,1425.0,0.0,0.0,2307.161,0.0,0.0,48.123,0.0,0.0,,,,,,,,,,,,,,,,,,,,,,,,,,,,,,,,,43.951,19.6,2.929,1.686,1416.44,77.6,405.994,3.94,,,50.54,0.2,67.04,0.528,29611718.0,,,,
MWI,Africa,Malawi,2023-09-06,88908.0,0.0,0.0,2686.0,0.0,0.0,4357.099,0.0,0.0,131.632,0.0,0.0,,,,,,,,,,,,,,,,,,,,,,,,,,,,,,,,,197.519,18.1,2.979,1.783,1095.042,71.4,227.349,3.94,4.4,24.7,8.704,1.3,64.26,0.483,20405318.0,,,,
MYS,Asia,Malaysia,2023-09-07,5125799.0,0.0,0.0,37187.0,0.0,0.0,151033.248,0.0,0.0,1095.726,0.0,0.0,,15.0,0.442,71.0,2.092,,,106.0,3.123,,,,,,,,,,72512070.0,28090315.0,27504811.0,17135083.0,137.0,97.0,213.66,82.77,81.04,50.49,3.0,12.0,0.0,,96.254,29.9,6.293,3.407,26808.164,0.1,260.942,16.74,1.0,42.4,,1.9,76.16,0.81,33938216.0,,,,
MDV,Asia,Maldives,2023-09-06,186694.0,0.0,0.0,316.0,0.0,0.0,356423.66,0.0,0.0,603.286,0.0,0.0,,,,,,,,,,,,,,,,,,,,,,,,,,,,,,,,,1454.433,30.6,4.12,2.875,15183.616,,164.905,9.19,2.1,55.0,95.803,,78.92,0.74,523798.0,,,,
MLI,Africa,Mali,2023-09-06,33152.0,0.0,0.0,743.0,0.0,0.0,1467.318,0.0,0.0,32.885,0.0,0.0,,,,,,,,,,,,,,,,,,,,,,,,,,,,,,,,,15.196,16.4,2.519,1.486,2014.306,,268.024,2.42,1.6,23.0,52.232,0.1,59.31,0.434,22593598.0,,,,
MLT,Europe,Malta,2023-09-06,120044.0,0.0,0.0,877.0,0.0,0.0,225099.523,0.0,0.0,1644.499,0.0,0.0,,3.0,5.625,,,1.0,1.919,45.0,84.458,,,,,,,,,,1380977.0,478808.0,471536.0,465014.0,,0.0,258.95,89.78,88.42,87.2,0.0,0.0,0.0,,1454.037,42.4,19.426,11.324,36513.323,0.2,168.711,8.83,20.9,30.2,,4.485,82.53,0.895,533293.0,,,,
MHL,Oceania,Marshall Islands,2023-09-06,16119.0,0.0,0.0,17.0,0.0,0.0,387541.173,0.0,0.0,408.723,0.0,0.0,,,,,,,,,,,,,,,,,,,,,,,,,,,,,,,,,295.15,,,,3819.202,,557.793,30.53,,,82.502,2.7,73.7,0.704,41593.0,,,,
MTQ,North America,Martinique,2023-09-06,230354.0,0.0,0.0,1104.0,0.0,0.0,626793.139,0.0,0.0,3003.984,0.0,0.0,,,,,,,,,,,,,,,,,,,,,,,,,,,,,,,,,,45.7,,12.543,,,,,,,,,82.54,,367512.0,,,,
MRT,Africa,Mauritania,2023-09-06,63714.0,0.0,0.0,997.0,0.0,0.0,13452.71,0.0,0.0,210.509,0.0,0.0,,,,,,,,,,,,,,,,,,,,,,,,,,,,,,,,,4.289,20.3,3.138,1.792,3597.633,6.0,232.347,2.42,,,15.95,,64.92,0.546,4736146.0,,,,
MUS,Africa,Mauritius,2023-09-06,309204.0,0.0,0.0,1053.0,0.0,0.0,237944.775,0.0,0.0,810.325,0.0,0.0,,,,,,,,,,,,,,,,,,,,,,,,,,,,,,,,,622.962,37.4,10.945,5.884,20292.745,0.5,224.644,22.02,3.2,40.7,,3.4,74.99,0.804,1299478.0,,,,
MYT,Africa,Mayotte,2023-09-06,42027.0,0.0,0.0,187.0,0.0,0.0,128872.507,0.0,0.0,573.421,0.0,0.0,,,,,,,,,,,,,,,,,,,,,,,,,,,,,,,,,,20.1,,2.411,,,,,,,,,79.46,,326113.0,,,,
MEX,North America,Mexico,2023-09-06,7633355.0,0.0,0.0,334336.0,0.0,0.0,59867.516,0.0,0.0,2622.158,0.0,0.0,,,,,,,,,,,,,,,,,,,,,,,,,,,,,,,,,66.444,29.3,6.857,4.321,17336.469,2.5,152.783,13.06,6.9,21.4,87.847,1.38,75.05,0.779,127504120.0,,,,
FSM,Oceania,Micronesia (country),2023-09-06,26530.0,0.0,0.0,65.0,0.0,0.0,232356.496,0.0,0.0,569.287,0.0,0.0,,,,,,,,,,,,,,,,,,,,,,,,,,,,,,,,,150.777,23.0,4.81,2.392,3299.464,16.0,454.343,12.02,,,,,67.88,0.62,114178.0,,,,
MDA,Europe,Moldova,2023-09-06,621065.0,0.0,0.0,12125.0,0.0,0.0,189754.454,0.0,0.0,3704.56,0.0,0.0,,,,,,,,,,,,,,,,,,,,,,,,,,,,,,,,,123.655,37.6,10.864,6.955,5189.972,0.2,408.502,5.72,5.9,44.6,86.979,5.8,71.9,0.75,3272993.0,,,,
MCO,Europe,Monaco,2023-09-06,16918.0,0.0,0.0,67.0,0.0,0.0,463621.167,0.0,0.0,1836.069,0.0,0.0,,,,,,,,,,,,,,,,,,,,,,,,,,,,,,,,,19347.5,,,,,,,5.46,,,,13.8,86.75,,36491.0,,,,
MNG,Asia,Mongolia,2023-09-06,1010975.0,0.0,0.0,2284.0,0.0,0.0,297487.945,0.0,0.0,672.086,0.0,0.0,,,,,,,,,,,,,,,,,,,,,,,,,,,,,,,,,1.98,28.6,4.031,2.421,11840.846,0.5,460.043,4.82,5.5,46.5,71.18,7.0,69.87,0.737,3398373.0,,,,
MNE,Europe,Montenegro,2023-09-06,251133.0,0.0,0.0,2654.0,0.0,0.0,400478.725,0.0,0.0,4232.301,0.0,0.0,,,,,,,,,,,,,,,,,,,,,,,,,,,,,,,,,46.28,39.1,14.762,9.395,16409.288,1.0,387.305,10.08,44.0,47.9,,3.861,76.88,0.829,627082.0,,,,
MSR,North America,Montserrat,2023-09-06,1403.0,0.0,0.0,8.0,0.0,0.0,317924.315,0.0,0.0,1812.826,0.0,0.0,,,,,,,,,,,,,,,,,,,,,,,,,,,,,,,,,,,,,,,,,,,,,74.16,,4413.0,,,,
MAR,Africa,Morocco,2023-09-06,1275864.0,309.0,44.143,16297.0,0.0,0.0,34061.21,8.249,1.178,435.074,0.0,0.0,,,,,,,,,,,,,,,,,,,,,,,,,,,,,,,,,80.08,29.6,6.769,4.209,7485.013,1.0,419.146,7.14,0.8,47.1,,1.1,76.68,0.686,37457976.0,,,,
MOZ,Africa,Mozambique,2023-09-06,233417.0,0.0,0.0,2243.0,0.0,0.0,7079.782,0.0,0.0,68.033,0.0,0.0,,,,,,,,,,,,,,,,,,,,,,,,,,,,,,,,,37.728,17.7,3.158,1.87,1136.103,62.9,329.942,3.3,5.1,29.1,12.227,0.7,60.85,0.456,32969520.0,,,,
MMR,Asia,Myanmar,2023-09-06,641188.0,0.0,1.429,19494.0,0.0,0.0,11834.554,0.0,0.026,359.805,0.0,0.0,,,,,,,,,,,,,,,,,,,,,,,,,,,,,,,,,81.721,29.1,5.732,3.12,5591.597,6.4,202.104,4.61,6.3,35.2,79.287,0.9,67.13,0.583,54179312.0,,,,
NAM,Africa,Namibia,2023-09-06,171998.0,0.0,0.0,4098.0,0.0,0.0,67002.88,0.0,0.0,1596.401,0.0,0.0,,,,,,,,,,,,,,,,,,,,,,,,,,,,,,,,,3.078,22.0,3.552,2.085,9541.808,13.4,243.811,3.94,9.7,34.2,44.6,,63.71,0.646,2567024.0,,,,
NRU,Oceania,Nauru,2023-09-06,5393.0,0.0,0.0,1.0,0.0,0.0,424946.813,0.0,0.0,78.796,0.0,0.0,,,,,,,,,,,,,,,,,,,,,,,,,,,,,,,,,682.45,,,,12895.635,,,24.07,43.0,36.9,,5.0,59.96,,12691.0,,,,
NPL,Asia,Nepal,2023-09-06,1003434.0,0.0,0.286,12031.0,0.0,0.0,32848.226,0.0,0.009,393.845,0.0,0.0,,,,,,,,,,,,,,,,,,,,,,,,,,,,,,,,,204.43,25.0,5.809,3.212,2442.804,15.0,260.797,7.26,9.5,37.8,47.782,0.3,70.78,0.602,30547586.0,,,,
NLD,Europe,Netherlands,2023-09-07,8617412.0,0.0,0.0,22986.0,0.0,0.0,490628.683,0.0,0.0,1308.698,0.0,0.0,,7.0,0.399,125.0,7.117,10.0,0.569,236.0,13.437,,,,,,,,,,39816526.0,12596446.0,11782254.0,9429219.0,,35.0,226.69,71.72,67.08,53.68,2.0,1.0,0.0,,508.544,43.2,18.779,11.881,48472.545,,109.361,5.29,24.4,27.3,,3.32,82.28,0.944,17564020.0,,,,
NCL,Oceania,New Caledonia,2023-09-06,80064.0,0.0,0.0,314.0,0.0,0.0,276121.797,0.0,0.0,1082.912,0.0,0.0,,,,,,,,,,,,,,,,,,,,,,,,,,,,,,,,,15.342,33.4,9.954,6.489,,,,23.36,,,,,77.55,,289959.0,,,,
NZL,Oceania,New Zealand,2023-09-06,2374922.0,0.0,0.0,3283.0,0.0,0.0,458011.501,0.0,0.0,633.137,0.0,0.0,,,,,,,,,,,,,,,,,,,,,,,,,,,,,,,,,18.206,37.9,15.322,9.72,36085.843,,128.797,8.08,14.8,17.2,,2.61,82.29,0.931,5185289.0,,,,
NIC,North America,Nicaragua,2023-09-06,15984.0,0.0,0.0,245.0,0.0,0.0,2300.387,0.0,0.0,35.26,0.0,0.0,,,,,,,,,,,,,,,,,,,,,,,,,,,,,,,,,51.667,27.3,5.445,3.519,5321.444,3.2,137.016,11.47,,,,0.9,74.48,0.66,6948395.0,,,,
NER,Africa,Niger,2023-09-06,9515.0,0.0,0.0,315.0,0.0,0.0,363.057,0.0,0.0,12.019,0.0,0.0,,,,,,,,,,,,,,,,,,,,,,,,,,,,,,,,,16.955,15.1,2.553,1.378,926.0,44.5,238.339,2.42,0.1,15.4,8.978,0.3,62.42,0.394,26207982.0,,,,
NGA,Africa,Nigeria,2023-09-06,266675.0,0.0,0.0,3155.0,0.0,0.0,1220.25,0.0,0.0,14.437,0.0,0.0,,,,,,,,,,,,,,,,,,,,,,,,,,,,,,,,,209.588,18.1,2.751,1.447,5338.454,,181.013,2.42,0.6,10.8,41.949,,54.69,0.539,218541216.0,,,,
NIU,Oceania,Niue,2023-09-06,868.0,0.0,0.0,,0.0,0.0,444672.131,0.0,0.0,,0.0,0.0,,,,,,,,,,,,,,,,,,,,,,,,,,,,,,,,,,,,,,,,,,,,,73.71,,1952.0,,,,
OWID_NAM,,North America,2023-09-07,124412341.0,0.0,0.0,1602820.0,0.0,0.0,207242.109,0.0,0.0,2669.926,0.0,0.0,,,,,,,,,,,,,,,,,,,1151791183.0,458522591.0,394423320.0,251541170.0,3128.0,2207.0,191.86,76.38,65.7,41.9,4.0,283.0,0.0,,,,,,,,,,,,,,,,600323657.0,,,,
PRK,Asia,North Korea,2023-09-06,,0.0,0.0,,0.0,0.0,,0.0,0.0,,0.0,0.0,,,,,,,,,,,,,,,,,,,,,,,,,,,,,,,,,211.701,35.3,9.491,6.139,,,321.681,4.0,,,,13.2,72.27,,26069416.0,,,,
MKD,Europe,North Macedonia,2023-09-06,348411.0,0.0,0.0,9941.0,0.0,0.0,166416.699,0.0,0.0,4748.267,0.0,0.0,,,,,,,,,,,,,,,,,,,,,,,,,,,,,,,,,82.6,39.1,13.26,8.16,13111.214,5.0,322.688,10.08,,,,4.28,75.8,0.774,2093606.0,,,,
OWID_NIR,Europe,Northern Ireland,2023-09-04,,,,,,,,,,,,,,,,88.0,46.414,,,66.0,34.81,,,,,,,,,,,,,,,,,,,,,,,,,,,,,,,,,,,,,,1896000.0,,,,
MNP,Oceania,Northern Mariana Islands,2023-09-06,14198.0,0.0,0.0,41.0,0.0,0.0,286400.129,0.0,0.0,827.046,0.0,0.0,,,,,,,,,,,,,,,,,,,,,,,,,,,,,,,,,119.878,,,,,,194.994,,,,,,76.74,,49574.0,,,,
NOR,Europe,Norway,2023-09-06,1487386.0,0.0,0.0,5631.0,0.0,0.0,273702.12,0.0,0.0,1036.191,0.0,0.0,,,,,,,,,,,,,,,,,,,,,,,,,,,,,,,,,14.462,39.7,16.821,10.813,64800.057,0.2,114.316,5.31,19.6,20.7,,3.6,82.4,0.957,5434324.0,,,,
OWID_OCE,,Oceania,2023-09-06,14452424.0,0.0,0.0,29410.0,0.0,0.0,320887.873,0.0,0.0,652.992,0.0,0.0,,,,,,,,,,,,,,,,,,,,,,,,,,,,,,,,,,,,,,,,,,,,,,,45038860.0,,,,
OMN,Asia,Oman,2023-09-06,399449.0,0.0,0.0,4628.0,0.0,0.0,87286.454,0.0,0.0,1011.297,0.0,0.0,,,,,,,,,,,,,,,,,,,,,,,,,,,,,,,,,14.98,30.7,2.355,1.53,37960.709,,266.342,12.61,0.5,15.6,97.4,1.6,77.86,0.813,4576300.0,,,,
PAK,Asia,Pakistan,2023-09-06,1580631.0,0.0,0.0,30656.0,0.0,0.0,6702.563,0.0,0.0,129.995,0.0,0.0,,,,,,,,,,,,,,,,,,,339967103.0,165567890.0,140475871.0,52145334.0,,2918.0,144.16,70.21,59.57,22.11,12.0,0.0,0.0,,255.573,23.5,4.495,2.78,5034.708,4.0,423.031,8.35,2.8,36.7,59.607,0.6,67.27,0.557,235824864.0,,,,
PLW,Oceania,Palau,2023-09-06,6220.0,0.0,0.0,9.0,0.0,0.0,343950.453,0.0,0.0,497.678,0.0,0.0,,,,,,,,,,,,,,,,,,,,,,,,,,,,,,,,,47.237,,,,13240.405,,,15.89,7.7,22.7,,4.8,73.7,0.826,18084.0,,,,
PSE,Asia,Palestine,2023-09-06,703228.0,0.0,0.0,5708.0,0.0,0.0,133946.251,0.0,0.0,1087.222,0.0,0.0,,,,,,,,,,,,,,,,,,,,,,,,,,,,,,,,,778.202,20.4,3.043,1.726,4449.898,1.0,265.91,10.59,,,,,74.05,0.708,5250076.0,,,,
PAN,North America,Panama,2023-09-06,1047321.0,0.0,0.0,8652.0,0.0,0.0,237564.142,0.0,0.0,1962.536,0.0,0.0,,,,,,,,,,,,,,,,,,,,,,,,,,,,,,,,,55.133,29.7,7.918,5.03,22267.037,2.2,128.346,8.33,2.4,9.9,,2.3,78.51,0.815,4408582.0,,,,
PNG,Oceania,Papua New Guinea,2023-09-06,46864.0,0.0,0.0,670.0,0.0,0.0,4620.5,0.0,0.0,66.058,0.0,0.0,,,,,,,,,,,,,,,,,,,,,,,,,,,,,,,,,18.22,22.6,3.808,2.142,3823.194,,561.494,17.65,23.5,48.8,,,64.5,0.555,10142625.0,,,,
PRY,South America,Paraguay,2023-09-06,735759.0,0.0,0.0,19961.0,0.0,0.0,108507.104,0.0,0.0,2943.777,0.0,0.0,,,,,,,,,,,,,,,,,,,,,,,,,,,,,,,,,17.144,26.5,6.378,3.833,8827.01,1.7,199.128,8.27,5.0,21.6,79.602,1.3,74.25,0.728,6780745.0,,,,
PER,South America,Peru,2023-09-06,4517034.0,0.0,0.0,221364.0,0.0,0.0,132660.46,0.0,0.0,6501.224,0.0,0.0,,,,,,,,,,,,,,,,,,,,,,,,,,,,,,,,,25.129,29.1,7.151,4.455,12236.706,3.5,85.755,5.95,4.8,,,1.6,76.74,0.777,34049588.0,,,,
PHL,Asia,Philippines,2023-09-06,4110205.0,688.0,187.286,66661.0,0.0,0.0,35568.019,5.954,1.621,576.857,0.0,0.0,,,,,,,,,,,,,,,,,,,,,,,,,,,,,,,,,351.873,25.2,4.803,2.661,7599.188,,370.437,7.07,7.8,40.8,78.463,1.0,71.23,0.718,115559008.0,,,,
PCN,Oceania,Pitcairn,2023-09-06,4.0,0.0,0.0,,0.0,0.0,85106.383,0.0,0.0,,0.0,0.0,,,,,,,,,,,,,,,,,,,,,,,,,,,,,,,,,,,,,,,,,,,,,,,47.0,,,,
POL,Europe,Poland,2023-09-06,6518924.0,0.0,0.0,119638.0,0.0,0.0,163557.228,0.0,0.0,3001.67,0.0,0.0,,,,,,,,,,,,,,,,,,,58025255.0,22877095.0,22649000.0,15388065.0,55.0,55.0,145.58,57.4,56.83,38.61,1.0,10.0,0.0,,124.027,41.8,16.763,10.202,27216.445,,227.331,5.91,23.3,33.1,,6.62,78.73,0.88,39857144.0,,,,
PRT,Europe,Portugal,2023-09-06,5610180.0,0.0,0.0,27247.0,0.0,0.0,546223.163,0.0,0.0,2652.846,0.0,0.0,,,,,,,,,,,,,,,,,,,28196689.0,9791341.0,8906354.0,7056661.0,,37.0,274.53,95.33,86.71,68.71,4.0,5.0,0.0,,112.371,46.2,21.502,14.924,27936.896,0.5,127.842,9.85,16.3,30.0,,3.39,82.05,0.864,10270857.0,,,,
PRI,North America,Puerto Rico,2023-09-06,1252713.0,0.0,0.0,5938.0,0.0,0.0,385164.303,0.0,0.0,1825.722,0.0,0.0,,,,,,,,,,,,,,,,,,,,,,,,,,,,,,,,,376.232,38.2,15.168,9.829,35044.67,,108.094,12.9,,,,,80.1,,3252412.0,,,,
QAT,Asia,Qatar,2023-09-06,514524.0,0.0,0.0,690.0,0.0,0.0,190908.716,0.0,0.0,256.017,0.0,0.0,,,,,,,,,,,,,,,,,,,,,,,,,,,,,,,,,227.322,31.9,1.307,0.617,116935.6,,176.69,16.52,0.8,26.9,,1.2,80.23,0.848,2695131.0,,,,
REU,Africa,Reunion,2023-09-06,494595.0,0.0,0.0,921.0,0.0,0.0,507765.419,0.0,0.0,945.525,0.0,0.0,,,,,,,,,,,,,,,,,,,,,,,,,,,,,,,,,,36.0,,6.841,,,,,,,,,80.48,,974062.0,,,,
ROU,Europe,Romania,2023-09-06,3421949.0,4772.0,681.714,68282.0,12.0,1.714,174062.872,242.735,34.676,3473.272,0.61,0.087,,41.0,2.086,,,,,,,,,,,,,,,,,,,,,,,,,,,,,,85.129,43.0,17.85,11.69,23313.199,5.7,370.946,9.74,22.9,37.1,,6.892,76.05,0.828,19659270.0,,,,
RUS,Europe,Russia,2023-09-06,22994849.0,5217.0,1188.714,399999.0,16.0,3.857,158899.335,36.051,8.214,2764.079,0.111,0.027,,,,,,,,,,,,,,,,,,,,,,,,,,,,,,,,,8.823,39.6,14.178,9.393,24765.954,0.1,431.297,6.18,23.4,58.3,,8.05,72.58,0.824,144713312.0,,,,
RWA,Africa,Rwanda,2023-09-06,133194.0,0.0,0.0,1468.0,0.0,0.0,9668.061,0.0,0.0,106.557,0.0,0.0,,,,,,,,,,,,,,,,,,,,,,,,,,,,,,,,,494.869,20.3,2.974,1.642,1854.211,56.0,191.375,4.28,4.7,21.0,4.617,,69.02,0.543,13776702.0,,,,
BLM,North America,Saint Barthelemy,2023-09-06,5507.0,0.0,0.0,5.0,0.0,0.0,500909.587,0.0,0.0,454.794,0.0,0.0,,,,,,,,,,,,,,,,,,,,,,,,,,,,,,,,,,,,,,,,,,,,,,,10994.0,,,,
SHN,Africa,Saint Helena,2023-09-06,2166.0,0.0,0.0,,0.0,0.0,401036.845,0.0,0.0,,0.0,0.0,,,,,,,,,,,,,,,,,,,,,,,,,,,,,,,,,,,,,,,,,,,,,80.56,,5401.0,,,,
KNA,North America,Saint Kitts and Nevis,2023-09-06,6607.0,0.0,0.0,46.0,0.0,0.0,138566.725,0.0,0.0,964.745,0.0,0.0,,,,,,,,,,,,,,,,,,,,,,,,,,,,,,,,,212.865,,,,24654.385,,,12.84,,,,2.3,76.23,0.779,47681.0,,,,
LCA,North America,Saint Lucia,2023-09-06,30052.0,0.0,0.0,409.0,0.0,0.0,167074.364,0.0,0.0,2273.839,0.0,0.0,,,,,,,,,,,,,,,,,,,,,,,,,,,,,,,,,293.187,34.9,9.721,6.405,12951.839,,204.62,11.62,,,87.202,1.3,76.2,0.759,179872.0,,,,
MAF,North America,Saint Martin (French part),2023-09-06,12324.0,0.0,0.0,46.0,0.0,0.0,387352.276,0.0,0.0,1445.813,0.0,0.0,,,,,,,,,,,,,,,,,,,,,,,,,,,,,,,,,590.533,,,,,,,,,,,,82.08,,31816.0,,,,
SPM,North America,Saint Pierre and Miquelon,2023-09-06,3426.0,0.0,0.0,2.0,0.0,0.0,582158.029,0.0,0.0,339.847,0.0,0.0,,,,,,,,,,,,,,,,,,,,,,,,,,,,,,,,,,,,,,,,,,,,,81.07,,5885.0,,,,
VCT,North America,Saint Vincent and the Grenadines,2023-09-06,9631.0,0.0,0.0,124.0,0.0,0.0,92642.292,0.0,0.0,1192.778,0.0,0.0,,,,,,,,,,,,,,,,,,,,,,,,,,,,,,,,,281.787,31.8,7.724,4.832,10727.146,,252.675,11.62,,,,2.6,72.53,0.738,103959.0,,,,
WSM,Oceania,Samoa,2023-09-06,16778.0,0.0,0.0,31.0,0.0,0.0,75444.04,0.0,0.0,139.395,0.0,0.0,,,,,,,,,,,,,,,,,,,,,,,,,,,,,,,,,69.413,22.0,5.606,3.564,6021.557,,348.977,9.21,16.7,38.1,,,73.32,0.715,222390.0,,,,
SMR,Europe,San Marino,2023-09-06,24447.0,0.0,0.0,126.0,0.0,0.0,725645.592,0.0,0.0,3739.982,0.0,0.0,,,,,,,,,,,,,,,,,,,,,,,,,,,,,,,,,556.667,,,,56861.47,,,5.64,,,,3.8,84.97,,33690.0,,,,
STP,Africa,Sao Tome and Principe,2023-09-06,6589.0,0.0,0.0,80.0,0.0,0.0,28976.266,0.0,0.0,351.814,0.0,0.0,,,,,,,,,,,,,,,,,,,,,,,,,,,,,,,,,212.841,18.7,2.886,2.162,3052.714,32.3,270.113,2.42,,,41.34,2.9,70.39,0.625,227393.0,,,,
SAU,Asia,Saudi Arabia,2023-09-06,841469.0,0.0,0.0,9646.0,0.0,0.0,23111.678,0.0,0.0,264.936,0.0,0.0,,,,,,,,,,,,,,,,,,,,,,,,,,,,,,,,,15.322,31.9,3.295,1.845,49045.411,,259.538,17.72,1.8,25.4,,2.7,75.13,0.854,36408824.0,,,,
OWID_SCT,Europe,Scotland,2023-09-04,,,,,,,,,,,,,,,,363.0,66.411,,,,,,,,,,,,,,,,,,,,,,,,,,,,,,,,,,,,,,,,,,5466000.0,,,,
SEN,Africa,Senegal,2023-09-06,89014.0,0.0,0.0,1971.0,0.0,0.0,5140.429,0.0,0.0,113.822,0.0,0.0,,,,,,,,,,,,,,,,,,,,,,,,,,,,,,,,,82.328,18.7,3.008,1.796,2470.58,38.0,241.219,2.42,0.4,16.6,20.859,,67.94,0.512,17316452.0,,,,
SRB,Europe,Serbia,2023-09-06,2546196.0,0.0,0.0,18057.0,0.0,0.0,370541.888,0.0,0.0,2627.793,0.0,0.0,,,,,,,,,,,,,,,,,,,,,,,,,,,,,,,,,80.291,41.2,17.366,,14048.881,,439.415,10.08,37.7,40.2,97.719,5.609,76.0,0.806,6871547.0,,,,
SYC,Africa,Seychelles,2023-09-06,50937.0,0.0,0.0,172.0,0.0,0.0,475446.866,0.0,0.0,1605.451,0.0,0.0,,,,,,,,,,,,,,,,,,,,,,,,,,,,,,,,,208.354,36.2,8.606,5.586,26382.287,1.1,242.648,10.55,7.1,35.7,,3.6,73.4,0.796,107135.0,,,,
SLE,Africa,Sierra Leone,2023-09-06,7762.0,0.0,0.0,125.0,0.0,0.0,901.958,0.0,0.0,14.525,0.0,0.0,,,,,,,,,,,,,,,,,,,,,,,,,,,,,,,,,104.7,19.1,2.538,1.285,1390.3,52.2,325.721,2.42,8.8,41.3,19.275,,54.7,0.452,8605723.0,,,,
SGP,Asia,Singapore,2023-09-06,2562022.0,0.0,0.0,1872.0,0.0,0.0,454499.202,0.0,0.0,332.09,0.0,0.0,,,,,,,,,,,,,,,,,,,,,,,,,,,,,,,,,7915.731,42.4,12.922,7.049,85535.383,,92.243,10.99,5.2,28.3,,2.4,83.62,0.938,5637022.0,,,,
SXM,North America,Sint Maarten (Dutch part),2023-09-06,11051.0,0.0,0.0,92.0,0.0,0.0,250067.886,0.0,0.0,2081.825,0.0,0.0,,,,,,,,,,,,,,,,,,,,,,,,,,,,,,,,,1209.088,,,,36327.232,,,,,,,,78.95,,44192.0,,,,
SVK,Europe,Slovakia,2023-09-06,1867037.0,0.0,0.0,21167.0,0.0,0.0,330832.265,0.0,0.0,3750.717,0.0,0.0,,,,,,0.0,0.0,13.0,2.392,,,,,,,,,,,,,,,,,,,,,,,,113.128,41.2,15.07,9.167,30155.152,0.7,287.959,7.29,23.1,37.7,,5.82,77.54,0.86,5643455.0,,,,
SVN,Europe,Slovenia,2023-09-06,1344826.0,0.0,0.0,9435.0,0.0,0.0,634398.868,0.0,0.0,4450.801,0.0,0.0,,,,,,,,,,,,,,,,,,,,,,,,,,,,,,,,,102.619,44.5,19.062,12.93,31400.84,,153.493,7.25,20.1,25.0,,4.5,81.32,0.917,2119843.0,,,,
SLB,Oceania,Solomon Islands,2023-09-06,21611.0,0.0,0.0,153.0,0.0,0.0,29838.238,0.0,0.0,211.247,0.0,0.0,,,,,,,,,,,,,,,,,,,,,,,,,,,,,,,,,21.841,20.8,3.507,2.043,2205.923,25.1,459.78,18.68,,,35.89,1.4,73.0,0.567,724272.0,,,,
SOM,Africa,Somalia,2023-09-06,27334.0,0.0,0.0,1361.0,0.0,0.0,1553.288,0.0,0.0,77.34,0.0,0.0,,,,,,,,,,,,,,,,,,,,,,,,,,,,,,,,,23.5,16.8,2.731,1.496,,,365.769,6.05,,,9.831,0.9,57.4,,17597508.0,,,,
ZAF,Africa,South Africa,2023-09-06,4072533.0,0.0,0.0,102595.0,0.0,0.0,67995.807,0.0,0.0,1712.946,0.0,0.0,,,,,,,,,,,,,,,,,,,,,,,,,,,,,,,,,46.754,27.3,5.344,3.053,12294.876,18.9,200.38,5.52,8.1,33.2,43.993,2.32,64.13,0.709,59893884.0,,,,
OWID_SAM,,South America,2023-09-06,68804807.0,0.0,0.0,1356082.0,0.0,0.0,157514.148,0.0,0.0,3104.465,0.0,0.0,,,,,,,,,,,,,,,,,,,958279719.0,375386470.0,336900562.0,255343048.0,6364.0,4777.0,219.38,85.94,77.13,58.46,11.0,60.0,0.0,,,,,,,,,,,,,,,,436816679.0,,,,
KOR,Asia,South Korea,2023-09-06,34436542.0,0.0,0.0,35812.0,0.0,0.0,664595.291,0.0,0.0,691.14,0.0,0.0,,,,,,,,,,,,,,,,,,,,,,,,,,,,,,,,,527.967,43.4,13.914,8.622,35938.374,0.2,85.998,6.8,6.2,40.9,,12.27,83.03,0.916,51815808.0,,,,
SSD,Africa,South Sudan,2023-09-06,18368.0,0.0,0.0,138.0,0.0,0.0,1683.104,0.0,0.0,12.645,0.0,0.0,,,,,,,,,,,,,,,,,,,,,,,,,,,,,,,,,,19.2,3.441,2.032,1569.888,,280.775,10.43,,,,,57.85,0.433,10913172.0,,,,
ESP,Europe,Spain,2023-09-06,13980340.0,0.0,0.0,121852.0,0.0,0.0,293960.095,0.0,0.0,2562.143,0.0,0.0,,,,,,,,,,,,,,,,,,,,,,,,,,,,,,,,,93.105,45.5,19.436,13.799,34272.36,1.0,99.403,7.17,27.4,31.4,,2.97,83.56,0.904,47558632.0,,,,
LKA,Asia,Sri Lanka,2023-09-06,672579.0,0.0,0.0,16882.0,0.0,0.0,30806.815,0.0,0.0,773.263,0.0,0.0,,,,,,,,,,,,,,,,,,,,,,,,,,,,,,,,,341.955,34.1,10.069,5.331,11669.077,0.7,197.093,10.68,0.3,27.0,,3.6,76.98,0.782,21832150.0,,,,
SDN,Africa,Sudan,2023-09-06,63993.0,0.0,0.0,5046.0,0.0,0.0,1365.207,0.0,0.0,107.65,0.0,0.0,,,,,,,,,,,,,,,,,,,,,,,,,,,,,,,,,23.258,19.7,3.548,2.034,4466.507,,431.388,15.67,,,23.437,0.8,65.31,0.51,46874200.0,,,,
SUR,South America,Suriname,2023-09-06,82588.0,0.0,0.0,1408.0,0.0,0.0,133627.594,0.0,0.0,2278.148,0.0,0.0,,,,,,,,,,,,,,,,,,,,,,,,,,,,,,,,,3.612,29.6,6.933,4.229,13767.119,,258.314,12.54,7.4,42.9,67.779,3.1,71.68,0.738,618046.0,,,,
SWE,Europe,Sweden,2023-09-07,2714578.0,0.0,0.0,24721.0,0.0,0.0,257321.85,0.0,0.0,2343.367,0.0,0.0,,,,254.0,24.077,,,,,,,,,,,,,,26231029.0,,,,,618.0,248.65,,,,59.0,,,,24.718,41.0,19.985,13.433,46949.283,0.5,133.982,4.79,18.8,18.9,,2.22,82.8,0.945,10549349.0,,,,
CHE,Europe,Switzerland,2023-09-06,4409757.0,0.0,0.0,14037.0,0.0,0.0,504521.667,0.0,0.0,1605.978,0.0,0.0,,,,,,,,,,,,,,,,,,,,,,,,,,,,,,,,,214.243,43.1,18.436,12.644,57410.166,,99.739,5.59,22.6,28.9,,4.53,83.78,0.955,8740471.0,,,,
SYR,Asia,Syria,2023-09-06,57423.0,0.0,0.0,3163.0,0.0,0.0,2595.361,0.0,0.0,142.959,0.0,0.0,,,,,,,,,,,,,,,,,,,,,,,,,,,,,,,,,,21.7,,2.577,,,376.264,,,,70.598,1.5,72.7,0.567,22125242.0,,,,
TWN,Asia,Taiwan,2023-09-03,,,,,,,,,,,,,,,,,,,,,,,,,,,,,,,68151936.0,21898467.0,20792280.0,25461189.0,,514.0,285.23,91.65,87.02,106.56,22.0,42.0,0.0,,,42.2,,8.353,,,103.957,,,,,,80.46,,23893396.0,,,,
TJK,Asia,Tajikistan,2023-09-06,17786.0,0.0,0.0,125.0,0.0,0.0,1787.037,0.0,0.0,12.559,0.0,0.0,,,,,,,,,,,,,,,,,,,,,,,,,,,,,,,,,64.281,23.3,3.466,2.155,2896.913,4.8,427.698,7.11,,,72.704,4.8,71.1,0.668,9952789.0,,,,
TZA,Africa,Tanzania,2023-09-06,43078.0,0.0,0.0,846.0,0.0,0.0,657.702,0.0,0.0,12.916,0.0,0.0,,,,,,,,,,,,,,,,,,,,,,,,,,,,,,,,,64.699,17.7,3.108,1.874,2683.304,49.1,217.288,5.75,3.3,26.7,47.953,0.7,65.46,0.529,65497752.0,,,,
THA,Asia,Thailand,2023-09-06,4756593.0,187.0,26.714,34465.0,0.0,0.857,66342.963,2.608,0.373,480.703,0.0,0.012,,,,,,,,,,,,,,,,,,,,,,,,,,,,,,,,,135.132,40.1,11.373,6.89,16277.671,0.1,109.861,7.04,1.9,38.8,90.67,2.1,77.15,0.777,71697024.0,187142.39,10.09,11.97,2606.394
TLS,Asia,Timor,2023-09-06,23460.0,0.0,0.0,138.0,0.0,0.0,17490.52,0.0,0.0,102.885,0.0,0.0,,,,,,,,,,,,,,,,,,,,,,,,,,,,,,,,,87.176,18.0,3.556,1.897,6570.102,30.3,335.346,6.86,6.3,78.1,28.178,5.9,69.5,0.606,1341298.0,,,,
TGO,Africa,Togo,2023-09-06,39513.0,0.0,0.0,290.0,0.0,0.0,4465.402,0.0,0.0,32.773,0.0,0.0,,,,,,,,,,,,,,,,,,,,,,,,,,,,,,,,,143.366,19.4,2.839,1.525,1429.813,49.2,280.033,6.15,0.9,14.2,10.475,0.7,61.04,0.515,8848700.0,,,,
TKL,Oceania,Tokelau,2023-09-06,80.0,0.0,0.0,,0.0,0.0,42260.961,0.0,0.0,,0.0,0.0,,,,,,,,,,,,,,,,,,,,,,,,,,,,,,,,,,,,,,,,,,,,,81.86,,1893.0,,,,
TON,Oceania,Tonga,2023-09-06,16821.0,0.0,0.0,12.0,0.0,0.0,157401.256,0.0,0.0,112.289,0.0,0.0,,,,,,,,,,,,,,,,,,,,,,,,,,,,,,,,,150.028,22.3,5.82,4.032,5425.621,,227.49,15.42,11.8,44.4,,2.6,70.91,0.725,106867.0,,,,
TTO,North America,Trinidad and Tobago,2023-09-06,191496.0,0.0,0.0,4390.0,0.0,0.0,125075.52,0.0,0.0,2867.326,0.0,0.0,,,,,,,,,,,,,,,,,,,,,,,,,,,,,,,,,266.886,36.2,10.014,5.819,28763.071,,228.467,10.97,,,89.443,3.0,73.51,0.796,1531043.0,,,,
TUN,Africa,Tunisia,2023-09-06,1153361.0,0.0,0.0,29423.0,0.0,0.0,93343.329,0.0,0.0,2381.25,0.0,0.0,,,,,,,,,,,,,,,,,,,,,,,,,,,,,,,,,74.228,32.7,8.001,5.075,10849.297,2.0,318.991,8.52,1.1,65.8,78.687,2.3,76.7,0.74,12356116.0,,,,
TUR,Asia,Turkey,2023-09-06,17004677.0,0.0,0.0,101419.0,0.0,0.0,199255.078,0.0,0.0,1188.394,0.0,0.0,,,,,,,,,,,,,,,,,,,,,,,,,,,,,,,,,104.914,31.6,8.153,5.061,25129.341,0.2,171.285,12.13,14.1,41.1,,2.81,77.69,0.82,85341248.0,,,,
TKM,Asia,Turkmenistan,2023-09-06,,0.0,0.0,,0.0,0.0,,0.0,0.0,,0.0,0.0,,,,,,,,,,,,,,,,,,,,,,,,,,,,,,,,,12.253,26.9,4.277,2.541,16389.023,,536.783,7.11,,,100.0,7.4,68.19,0.715,6430777.0,,,,
TCA,North America,Turks and Caicos Islands,2023-09-06,6630.0,0.0,0.0,39.0,0.0,0.0,144994.095,0.0,0.0,852.906,0.0,0.0,,,,,,,,,,,,,,,,,,,,,,,,,,,,,,,,,37.312,,,,,,,,,,,,80.22,,45726.0,,,,
TUV,Oceania,Tuvalu,2023-09-06,2943.0,0.0,0.0,1.0,0.0,0.0,259638.288,0.0,0.0,88.222,0.0,0.0,,,,,,,,,,,,,,,,,,,,,,,,,,,,,,,,,373.067,,,,3575.104,3.3,,27.25,,,,,67.57,,11335.0,,,,
UGA,Africa,Uganda,2023-09-06,171829.0,0.0,0.0,3632.0,0.0,0.0,3636.624,0.0,0.0,76.868,0.0,0.0,,,,,,,,,,,,,,,,,,,,,,,,,,,,,,,,,213.759,16.4,2.168,1.308,1697.707,41.6,213.333,2.5,3.4,16.7,21.222,0.5,63.37,0.544,47249588.0,,,,
UKR,Europe,Ukraine,2023-09-06,5518385.0,0.0,0.0,109904.0,0.0,0.0,138996.035,0.0,0.0,2768.241,0.0,0.0,,,,,,,,,,,,,,,,,,,,,,,,,,,,,,,,,77.39,41.4,16.462,11.133,7894.393,0.1,539.849,7.11,13.5,47.4,,8.8,72.06,0.779,39701744.0,,,,
ARE,Asia,United Arab Emirates,2023-09-06,1067030.0,0.0,0.0,2349.0,0.0,0.0,113019.214,0.0,0.0,248.805,0.0,0.0,,,,,,,,,,,,,,,,,,,,,,,,,,,,,,,,,112.442,34.0,1.144,0.526,67293.483,,317.84,17.26,1.2,37.4,,1.2,77.97,0.89,9441138.0,,,,
GBR,Europe,United Kingdom,2023-09-06,24688073.0,0.0,7.143,228924.0,0.0,0.0,365700.816,0.0,0.106,3391.018,0.0,0.0,,,,,,,,,,,,,,,,,,,,,,,,,,,,,,,,,272.898,40.8,18.517,12.527,39753.244,0.2,122.137,4.28,20.0,24.7,,2.54,81.32,0.932,67508936.0,,,,
USA,North America,United States,2023-09-06,103436829.0,0.0,0.0,1127152.0,0.0,0.0,305763.91,0.0,0.0,3331.912,0.0,0.0,,,,,,,,,,,,,,,,,,,,,,,,,,,,,,,,,35.608,38.3,15.413,9.732,54225.446,1.2,151.089,10.79,19.1,24.6,,2.77,78.86,0.926,338289856.0,,,,
VIR,North America,United States Virgin Islands,2023-09-06,25389.0,0.0,0.0,132.0,0.0,0.0,255219.695,0.0,0.0,1326.913,0.0,0.0,,,,,,,,,,,,,,,,,,,,,,,,,,,,,,,,,306.48,42.2,18.601,10.799,,,273.67,12.26,,,,,80.58,,99479.0,,,,
OWID_UMC,,Upper middle income,2023-09-07,244274084.0,0.0,790.571,2665777.0,0.0,3.429,96706.926,0.0,0.313,1055.368,0.0,0.001,,,,,,,,,,,,,,,,,,,5421167934.0,2107140226.0,1989032177.0,1262620789.0,9625.0,7073.0,214.62,83.42,78.74,49.99,3.0,354.0,0.0,,,,,,,,,,,,,,,,2525921300.0,,,,
URY,South America,Uruguay,2023-09-06,1038774.0,0.0,0.0,7634.0,0.0,0.0,303486.974,0.0,0.0,2230.34,0.0,0.0,,,,,,,,,,,,,,,,,,,,,,,,,,,,,,,,,19.751,35.6,14.655,10.361,20551.409,0.1,160.708,6.93,14.0,19.9,,2.8,77.91,0.817,3422796.0,,,,
UZB,Asia,Uzbekistan,2023-09-06,172571.0,0.0,0.0,1016.0,0.0,0.0,4983.619,0.0,0.0,29.341,0.0,0.0,,,,,,,,,,,,,,,,,,,,,,,,,,,,,,,,,76.134,28.2,4.469,2.873,6253.104,,724.417,7.57,1.3,24.7,,4.0,71.72,0.72,34627648.0,,,,
VUT,Oceania,Vanuatu,2023-09-06,12019.0,0.0,0.0,14.0,0.0,0.0,36784.149,0.0,0.0,42.847,0.0,0.0,,,,,,,,,,,,,,,,,,,,,,,,,,,,,,,,,22.662,23.1,4.394,2.62,2921.909,13.2,546.3,12.02,2.8,34.5,25.209,,70.47,0.609,326744.0,,,,
VAT,Europe,Vatican,2023-09-06,26.0,0.0,0.0,,0.0,0.0,32178.218,0.0,0.0,,0.0,0.0,,,,,,,,,,,,,,,,,,,,,,,,,,,,,,,,,,,,,,,,,,,,,75.12,,808.0,,,,
VEN,South America,Venezuela,2023-09-06,552695.0,0.0,0.0,5856.0,0.0,0.0,19528.686,0.0,0.0,206.913,0.0,0.0,,,,,,,,,,,,,,,,,,,,,,,,,,,,,,,,,36.253,29.0,6.614,3.915,16745.022,,204.85,6.47,,,,0.8,72.06,0.711,28301700.0,,,,
VNM,Asia,Vietnam,2023-09-06,11622912.0,0.0,20.429,43206.0,0.0,0.0,118375.437,0.0,0.208,440.039,0.0,0.0,,,,,,,,,,,,,,,,,,,,,,,,,,,,,,,,,308.127,32.6,7.15,4.718,6171.884,2.0,245.465,6.0,1.0,45.9,85.847,2.6,75.4,0.704,98186856.0,,,,
WLF,Oceania,Wallis and Futuna,2023-09-06,3550.0,0.0,0.0,8.0,0.0,0.0,306140.048,0.0,0.0,689.893,0.0,0.0,,,,,,,,,,,,,,,,,,,,,,,,,,,,,,,,,,,,,,,,,,,,,79.94,,11596.0,,,,
OWID_WRL,,World,2023-09-07,770436563.0,0.0,2289.0,6956887.0,0.0,21.857,96605.193,0.0,0.287,872.325,0.0,0.003,,,,,,,,,,,,,,,,,,,13501847234.0,5621631110.0,5169335248.0,2792372036.0,41921.0,34620.0,169.3,70.49,64.82,35.01,4.0,18348.0,0.0,,58.045,30.9,8.696,5.355,15469.207,10.0,233.07,8.51,6.434,34.635,60.13,2.705,72.58,0.737,7975105024.0,,,,
YEM,Asia,Yemen,2023-09-06,11945.0,0.0,0.0,2159.0,0.0,0.0,354.487,0.0,0.0,64.072,0.0,0.0,,,,,,,,,,,,,,,,,,,,,,,,,,,,,,,,,53.508,20.3,2.922,1.583,1479.147,18.8,495.003,5.35,7.6,29.2,49.542,0.7,66.12,0.47,33696612.0,,,,
ZMB,Africa,Zambia,2023-09-06,349287.0,0.0,0.0,4069.0,0.0,0.0,17448.934,0.0,0.0,203.27,0.0,0.0,,,,,,,,,,,,,,,,,,,,,,,,,,,,,,,,,22.995,17.7,2.48,1.542,3689.251,57.5,234.499,3.94,3.1,24.7,13.938,2.0,63.89,0.584,20017670.0,,,,
ZWE,Africa,Zimbabwe,2023-09-06,265737.0,0.0,0.857,5717.0,0.0,0.0,16282.367,0.0,0.053,350.295,0.0,0.0,,,,,,,,,,,,,,,,,,,,,,,,,,,,,,,,,42.729,19.6,2.822,1.882,1899.775,21.4,307.846,1.82,1.6,30.7,36.791,1.7,61.49,0.571,16320539.0,,,,
